Borough,Address
MN,683 11 AVENUE
BX,WEST 205 STREET
QN,159 STREET
QN,129 AVENUE
MN,578 BROOME STREET
BK, KINGS HIGHWAY
QN,BEACH 102 STREET
SI, THOMPSON STREET
QN,117 STREET
BK, LOCUST AVENUE
BK,8 AVENUE
BK,8424 DITMAS AVENUE
QN, METROPOLITAN AVENUE
BX, LAFAYETTE AVENUE
QN,84 AVENUE
QN,147-12 147 AVENUE
MN,102 BROAD STREET
SI, GREENFIELD AVENUE
SI, CHELSEA ROAD
QN,78 AVENUE
SI, AMBOY ROAD
SI, EXETER STREET
SI, FOREST AVENUE
QN,53 AVENUE
QN, FARMERS BOULEVARD
BK,61 LITTLE STREET
BX,2501 HOLLERS AVENUE
SI,
BK,20 AVENUE
BX,EAST 233 STREET
MN, BROADWAY
SI, MERSEREAU AVENUE
BX,1950 STRANG AVENUE
BX, SOUTHERN BOULEVARD
QN, MERRICK BOULEVARD
QN, FRANCIS LEWIS BLVD
BX, PARK AVENUE
SI, SOUTH RAILROAD AVE
BK,1036 EAST 39 STREET
SI, NORTH RAILROAD AVE
MN,292 HUDSON STREET
MN,419 EAST 36 STREET
MN,WEST 39 STREET
QN, EDGEWOOD AVENUE
BX, MAJ WM DEEGAN BLVD
BK, GLENWOOD ROAD
BK, WELLINGTON COURT
SI, BLOOMFIELD ROAD
QN,87-27 130 STREET
SI, CANAL STREET
BK, AVENUE V
QN, LITTLE NECK BLVD
QN,86-83 DUNTON STREET
BK, SNEDIKER AVENUE
QN,45 AVENUE
SI, NEW LANE
BX,EAST 177 STREET
BK, RIVERDALE AVENUE
QN,48 STREET
QN, CALDWELL AVENUE
BX,EAST 174 STREET
BK,EAST 17 STREET
SI, AMBOY ROAD
BX,1700 MULFORD AVENUE
BX, ROCHAMBEAU AVENUE
QN,65 PLACE
SI, NORTH RAILROAD AVE
QN,94-05 QUEENS BOULEVARD
BK, ALBEMARLE ROAD
QN, GRAND CENTRL PARKWAY
BK,3 PLACE
BK, NEWPORT STREET
BX,2417 TRATMAN AVENUE
QN, JACKSON AVENUE
QN,76 AVENUE
BX, RIVER AVENUE
BX,4530 WHITE PLAINS ROAD
QN,99 AVENUE
MN,7 THOMAS STREET
BK, RALPH AVENUE
QN, LEFFERTS BOULEVARD
QN,71 STREET
QN, QUEENS BOULEVARD
BK,442 RODNEY STREET
SI, MORNINGSTAR ROAD
BX,EAST 136 STREET
BX,EAST 204 STREET
QN,135 DRIVE
QN,108-03 BEACH CHANNEL DRIVE
SI, SPRAGUE AVENUE
BK,NORTH 6 STREET
QN,BEACH 76 STREET
SI, LAMOKA AVENUE
QN,118 STREET
BK,54 STREET
QN,35 AVENUE
QN, ELIOT AVENUE
BX,EAST 133 STREET
BK,327 GREENPOINT AVENUE
SI, WILLOW AVENUE
QN, LIBERTY AVENUE
BK,1421 OCEAN AVENUE
BK, AVENUE I
SI, BAY STREET
SI, SPOONER STREET
BK,136 MARSHALL STREET
BX, BULLARD AVENUE
QN,131-30 MERRICK BOULEVARD
BX,EAST 132 STREET
QN, BRINKERHOFF AVENUE
BX,2845 WEST KINGSBRIDGE RD
BK, GLENWOOD ROAD
MN,WEST 34 STREET
QN,116 STREET
QN,61 STREET
QN,20 AVENUE
QN,48 STREET
BK,EAST 96 STREET
SI, HANNAH STREET
QN,111-12 143 STREET
QN,150 STREET
BK, AVENUE U
BX, WATERS AVENUE
BK, AVENUE J
BX, BOSTON ROAD
BK, AVENUE I
BK,13 AVENUE
BK, FLATBUSH AVENUE
BK, AVENUE S
QN, LINDEN BOULEVARD
QN, LORETTA ROAD
MN,WEST 34 STREET
MN,74 AVENUE A
BX,EAST 138 STREET
BX, MORRIS AVENUE
MN,WEST 155 STREET
BX,EAST 177 STREET
BK, PITKIN AVENUE
BK, WASHINGTON AVENUE
BK,EAST 19 STREET
BK,
BK,EAST 37 STREET
BK,EAST 24 STREET
QN,47 STREET
BK, RALPH AVENUE
QN,108 STREET
QN, LITTLE NECK PARKWAY
QN, QUEENS BOULEVARD
QN,57-06 ROOSEVELT AVENUE
QN,141 AVENUE
QN, FARMERS BOULEVARD
SI, LIBERTY AVENUE
SI, NORTH RAILROAD AVE
BX,281 EXTERIOR STREET
QN,146 STREET
BX,
BK,8 AVENUE
BX,3425 DE REIMER AVENUE
QN,115-11 LEFFERTS BOULEVARD
QN,93 AVENUE
QN,121 STREET
QN, SPRINGFIELD BLVD
QN,133 AVENUE
MN,EAST 110 STREET
BK,466 SUTTER AVENUE
BK,EAST 10 STREET
BK,EAST 9 STREET
BK,EAST 13 STREET
QN, ALDERTON STREET
QN,163 STREET
QN, GUY R BREWER BLVD
SI, SEAVIEW AVENUE
QN, SAWYER AVENUE
QN, NORTH CONDUIT AVENUE
BK,5400 1 AVENUE
SI, POSEN STREET
QN, HAWTREE STREET
BX,2503 BRUCKNER BOULEVARD
QN, WOODWARD AVENUE
SI, MEREDITH AVENUE
QN,224 STREET
BX, WATERS PLACE
QN, NORTH CONDUIT AVENUE
SI, SOUTH RAILROAD AVE
BK,7101 16 AVENUE
BK, AVENUE T
BK, MILLER AVENUE
QN,39 AVENUE
QN,31 AVENUE
SI,23 WATER STREET
BK,1031 EAST 98 STREET
SI, UNION AVENUE
SI, UNION AVENUE
QN,230 STREET
SI, NORTH RAILROAD AVE
BX,1077 LONGWOOD AVENUE
QN,240 STREET
BX,1425 ST RAYMOND AVENUE
QN, FRESH POND ROAD
SI, LAMOKA AVENUE
SI, HARBOR ROAD
BX, DEYO STREET
SI, NORTH RAILROAD AVE
MN,469 9 AVENUE
BK,EAST 94 STREET
BK,EAST 29 STREET
BK, AVENUE L
BX, WEST TREMONT AVENUE
SI, ELLIS STREET
SI,6365 AMBOY ROAD
QN,170 STREET
BK,22 STREET
QN,125 STREET
SI, BUEL AVENUE
QN,165 STREET
QN,82 DRIVE
BK,9 AVENUE
QN,149 AVENUE
QN,227 STREET
QN,219 STREET
BK,3 AVENUE
QN, SUNRISE HIGHWAY
BK, FARRAGUT ROAD
BK,7713 3 AVENUE
QN,76 ROAD
BK,6 AVENUE
BX,EAST 161 STREET
QN, NORTH CONDUIT AVENUE
BK,1110 ATLANTIC AVENUE
BX,WEST 192 STREET
QN,114 STREET
BK,37 STREET
MN,413 WEST 39 STREET
MN,409 WEST 37 STREET
MN,WEST 118 STREET
MN,4 PENN PLAZA
SI, AMBOY ROAD
BK, BUSHWICK AVENUE
QN,67 STREET
SI, GREENLEAF AVENUE
BK,3002 AVENUE Z
MN,144 WEST 113 STREET
MN,14 WEST 31 STREET
BX,EAST 141 STREET
BK,313 SUMPTER STREET
BK, FORBELL STREET
QN,121 STREET
BK,8 AVENUE
QN, SOUTH CONDUIT AVENUE
BK,2304 MERMAID AVENUE
BK,88 SUMPTER STREET
BK, ROCKAWAY PARKWAY
BX, JEROME AVENUE
SI, BLOOMINGDALE ROAD
QN, PITKIN AVENUE
BK, BOERUM STREET
BX,380 EAST 159 STREET
BX, PELHAM PARKWAY
BK, VAN SINDEREN AVENUE
SI, HYLAN BOULEVARD
BX,
SI, RARITAN AVENUE
QN, MERRICK BOULEVARD
MN,525 EAST 75 STREET
SI, CRABTREE AVENUE
MN,62 LENOX AVENUE
QN,24-30 95 STREET
QN,94 STREET
BK,4 AVENUE
QN,70 AVENUE
BK,1096 PACIFIC STREET
BK, HULL STREET
QN,39 STREET
BX,495 BROOK AVENUE
BK,1914 WEST 7 STREET
BX,EAST 153 STREET
BX,EAST 132 STREET
QN,BEACH 67 STREET
BK, STEWART AVENUE
BK,113A SCOTT AVENUE
BK, BERGEN STREET
BK,359 HOOPER STREET
BK,398 SOUTH 4 STREET
QN, GOODWOOD ROAD
QN, JUNCTION BOULEVARD
QN,90 AVENUE
MN,811 10 AVENUE
QN, BEACH CHANNEL DRIVE
SI, SPOONER STREET
BX, PARK AVENUE
BX, PALISADE AVENUE
BX,EAST 179 STREET
SI, NICHOLAS AVENUE
BX, VYSE AVENUE
SI, LINDENWOOD ROAD
QN, FARMERS BOULEVARD
BK,EAST 15 STREET
BK,1511 AVENUE X
BK,EAST 26 STREET
QN,22-25 129 STREET
QN,BEACH 108 STREET
BX, BEDFORD PARK BLVD
QN, LINDEN BOULEVARD
BK,41 STREET
QN,135 DRIVE
BX,181 WEST 231 STREET
BX,WEST 236 STREET
BX, WATERSTONE DRIVE
BX,EAST 236 STREET
MN, SECOND AVENUE
BX,1886 GILDERSLEEVE AVENUE
QN, CYPRESS AVENUE
QN,139 STREET
QN,43-82 VERNON BOULEVARD
QN, METROPOLITAN AVENUE
SI, FERGUSON COURT
SI, BOYD STREET
SI, MOSEL AVENUE
QN,48 AVENUE
SI, WOLCOTT AVENUE
BK, LIBERTY AVENUE
QN,116 STREET
BK, GRANITE STREET
SI, MELISSA STREET
SI, PRESENTATION CIRCLE
BX, LEGGETT AVENUE
SI, BRANDIS LANE
QN,36 STREET
QN,32 AVENUE
BX, ST ANNS AVENUE
QN,132-02 SPRINGFIELD BLVD
QN,93 AVENUE
QN,BEACH 98 STREET
QN,41 AVENUE
QN,146 STREET
SI, MC KINLEY AVENUE
QN,26 STREET
BX, EAST GUN HILL ROAD
BX, BRUCKNER BOULEVARD
SI, OSGOOD AVENUE
QN,214 STREET
BX,EAST 144 STREET
QN, GIPSON STREET
QN, MADISON STREET
SI, HYLAN BOULEVARD
QN,58 AVENUE
QN,139 AVENUE
QN,BEACH 41 STREET
BX, ST ANNS AVENUE
BX, BRUCKNER BOULEVARD
QN,129 AVENUE
QN,BEACH 98 STREET
QN,18 AVENUE
QN,128 DRIVE
SI, MC KINLEY AVENUE
MN, AVENUE D
QN, GRAND AVENUE
QN,51 AVENUE
QN, LINDEN BOULEVARD
SI,121 COLFAX AVENUE
QN,19 AVENUE
BK, SHORE PARKWAY
SI, CEDAR STREET
SI, GUINEVERE LANE
SI, MOSEL AVENUE
BK,1 HUDSON AVENUE
QN,116 STREET
SI,248 EGBERT AVENUE
BK, TROY AVENUE
SI,97 MACON AVENUE
QN, MYRTLE AVENUE
SI, BENTLEY STREET
QN,BEACH 92 STREET
BK, DE KALB AVENUE
QN,180 STREET
QN,
BK, EASTERN PARKWAY
QN,10 AVENUE
QN, FLUSHING AVENUE
MN,43 DOMINICK STREET
SI, MANSION AVENUE
SI, WILSON AVENUE
QN, ELIOT AVENUE
QN, BELL BOULEVARD
SI, WEST FINGERBOARD RD
SI, SPRAGUE AVENUE
QN, WOODWARD AVENUE
BK,16 AVENUE
QN, SMITH STREET
QN,135 AVENUE
QN,149 STREET
QN,41 AVENUE
BX,EAST 161 STREET
QN, NORTHERN BOULEVARD
QN, WOODHAVEN BOULEVARD
QN,219 STREET
MN,WEST 33 STREET
BK, CENTRAL AVENUE
BK, MOTHER GASTON BLVD
QN,129 STREET
QN,3 AVENUE
SI, HARBOR ROAD
QN, UTOPIA PARKWAY
BK, FLATBUSH AVENUE
BX, DEPOT PLACE
QN,69 ROAD
SI, WINANT STREET
QN, LIBERTY AVENUE
SI, MORNINGSTAR ROAD
QN,87-17 120 STREET
QN,BEACH 91 STREET
QN, ATLANTIC AVENUE
MN,
BX,EAST 140 STREET
SI, FLORENCE PLACE
SI, GOETHALS ROAD NORTH
SI, SANDS STREET
BK,64 STREET
QN,56 STREET
QN, SUNRISE HIGHWAY
SI, KELL AVENUE
QN,108 AVENUE
BK,492 KENT AVENUE
QN,62 DRIVE
QN,63 AVENUE
QN,BEACH 84 STREET
BK, MC KIBBIN STREET
BX, LONGFELLOW AVENUE
QN, YELLOWSTONE BLVD
QN,108 DRIVE
QN, AUSTIN STREET
QN, SUNRISE HIGHWAY
QN,39 AVENUE
BX, DEPOT PLACE
MN,392 7 AVENUE
BK,5 AVENUE
BX,67 WEST 176 STREET
MN,281 11 AVENUE
SI, MARSH AVENUE
BK,827 NEPTUNE AVENUE
SI, CEDARVIEW AVENUE
QN, NORTH CONDUIT AVENUE
QN, CORNAGA AVENUE
BX,115 WEST 233 STREET
BK,1020 ATLANTIC AVENUE
QN, RAILROAD AVENUE
BK,108 WOODRUFF AVENUE
BK,90 CROOKE AVENUE
QN,100-09 ATLANTIC AVENUE
SI,3813 VICTORY BOULEVARD
BK,112 YORK STREET
SI,28 GIFFORDS LANE
QN, LAWRENCE STREET
QN, SAGAMORE AVENUE
SI,751 MILL ROAD
QN,65 STREET
QN, LINDEN BOULEVARD
BK, ROCKAWAY PARKWAY
SI, LINCOLN AVENUE
SI, LINCOLN AVENUE
SI, TOMPKINS AVENUE
BK, WASHINGTON AVENUE
QN, WOODSIDE AVENUE
QN,120 AVENUE
BX, BULLARD AVENUE
SI, PROSPECT STREET
QN, LINDEN BOULEVARD
QN, BROADWAY
QN, ATLANTIC AVENUE
QN, GUY R BREWER BLVD
MN, HILLSIDE AVENUE
BK, CARLTON AVENUE
QN,123-04 SUTPHIN BOULEVARD
QN, SUNRISE HIGHWAY
QN,
BK,2940 ATLANTIC AVENUE
QN, NORTHERN BOULEVARD
BK,5 AVENUE
BK,825 WILLOUGHBY AVENUE
QN, INGRAM STREET
QN,150 STREET
BX, PARK AVENUE
QN,175 STREET
BX, BALDWIN STREET
QN, NORTH CONDUIT AVENUE
BK,135 MARSHALL STREET
BK,212 HIGH STREET
SI, MCDIVITT AVENUE
SI, MONTREAL AVENUE
BX, RIVER AVENUE
BX,2401 ELY AVENUE
BX, MICKLE AVENUE
QN,178 STREET
SI, GIL COURT
QN,85-34 118 STREET
BK, ST JOHNS PLACE
BK, DE KOVEN COURT
BX, MORRIS AVENUE
BK,WEST 35 STREET
QN, SOUTH CONDUIT AVENUE
BK, MARION STREET
BK, STEWART STREET
QN,213 BEACH 43 STREET
BK,290 BELMONT AVENUE
QN,59-37 FRESH MEADOW LANE
BX, JEROME AVENUE
SI, ELLIS STREET
QN,145-75 226 STREET
BK, DE KOVEN COURT
BK, ROCKAWAY AVENUE
BX, WESTCHESTER AVENUE
BK, SENECA AVENUE
BK,9 AVENUE
QN, NORTH CONDUIT AVENUE
BK,15 AVENUE
QN,116-01 135 STREET
QN, HAWTREE STREET
QN, NORTH CONDUIT AVENUE
SI, JOHN STREET
SI, WINANT STREET
BX, MAJ WM DEEGAN BLVD
QN,108 AVENUE
BX,EAST 140 STREET
BK,EAST 27 STREET
BK,8 AVENUE
QN, STATION ROAD
QN,33 STREET
QN,84-76 127 STREET
SI, WINHAM AVENUE
QN, JACKSON AVENUE
QN,130 AVENUE
BK, HYMEN COURT
BK,12 AVENUE
BK,EAST 91 STREET
MN,WEST 36 STREET
BK, RIVERDALE AVENUE
QN,51 AVENUE
BK, SNEDIKER AVENUE
BK, SNEDIKER AVENUE
BK,16 AVENUE
SI, STAFFORD AVENUE
BK, BLAKE AVENUE
BK,9 AVENUE
QN, ATLANTIC AVENUE
MN,450 LEXINGTON AVENUE
BK,EAST 28 STREET
BK, LINDEN BOULEVARD
BK,4101 14 AVENUE
BK, DITMAS AVENUE
QN, RUST STREET
BK, AVENUE Z
BK, NEWPORT STREET
SI, VICTORY BOULEVARD
QN, GRAND AVENUE
BK,7 AVENUE
QN, ATLANTIC AVENUE
QN, NORTH BOULEVARD
QN,
QN,49 STREET
QN,44 AVENUE
SI, OXFORD PLACE
SI,25 BAY STREET
BK,EAST 40 STREET
QN, TERRACE COURT
QN,65 PLACE
QN, PRINCE STREET
SI, PRESENTATION CIRCLE
SI, MERSEREAU AVENUE
BX,2500 ELLIS AVENUE
SI, WEST FINGERBOARD RD
BK,EAST 98 STREET
BK,1101 AVENUE R
SI, RICHMOND ROAD
QN, SOUTH ROAD
SI, NORTH RAILROAD AVE
QN,43 STREET
BK, KEEN COURT
SI, BRAD LANE
QN,30 STREET
BK,5300 1 AVENUE
QN,25 STREET
BK,5 AVENUE
QN,116-20 208 STREET
SI, AMBOY ROAD
BK, UTICA AVENUE
QN,28 STREET
SI, LINCOLN AVENUE
SI, ARMSTRONG AVENUE
BX,1613 BRUCKNER BOULEVARD
BK,37 GOLD STREET
BX, SHERIDAN AVENUE
SI, ATLANTIC AVENUE
QN,34 AVENUE
QN, SOUTH CONDUIT AVENUE
QN, SOUTH CONDUIT AVENUE
SI, ATLANTIC AVENUE
SI, MC KINLEY AVENUE
QN, ATLANTIC AVENUE
QN,79 PLACE
MN,WEST 143 STREET
MN, HARLEM RIVER DRIVE
BK,2105 EAST 71 STREET
BK,923 REMSEN AVENUE
QN,BEACH 80 STREET
SI,465 JEWETT AVENUE
QN, NORTH BOULEVARD
QN,219-41 REAR 67 AVENUE
SI, WOODROW ROAD
SI, ANNADALE ROAD
QN, THORNTON PLACE
QN, BOKER COURT
QN,170 STREET
SI, BAY STREET
QN, JAMAICA AVENUE
QN,22-11 39 AVENUE
SI, SONIA COURT
QN,69 LANE
BX, PAUL AVENUE
BK,EAST 15 STREET
QN, UNION TURNPIKE
SI,143 WATERBURY AVENUE
BX,EAST 180 STREET
BX, WEBSTER AVENUE
QN,27 STREET
QN,70-32 48 AVENUE
QN, OCEAN AVENUE
QN, ROCKAWAY BEACH BLVD
SI, AMBOY ROAD
BK, FARRAGUT ROAD
BK, CROWN STREET
QN,BEACH 39 STREET
BK,EAST 100 STREET
SI, CHRISSY COURT
MN,WEST 34 STREET
QN,BEACH 100 STREET
SI, WIRT AVENUE
BK,EAST 98 STREET
QN, MYRTLE AVENUE
BK,56 STREET
QN,32 AVENUE
QN,34 AVENUE
BK, VAN SINDEREN AVENUE
QN, WEST DRIVE
SI, ARTHUR KILL ROAD
MN,206 WEST 36 STREET
QN, DOUGLASTON PARKWAY
BK, FRANKLIN AVENUE
QN, BARTON AVENUE
BX,EAST 149 STREET
QN, ATLANTIC AVENUE
QN, ROCKAWAY BEACH BLVD
SI,100 CHELSEA ROAD
SI,153 SEAVIEW AVENUE
BX, BRONX RIVER AVENUE
BK, SCHERMERHORN STREET
QN,39 AVENUE
BK, FARRAGUT ROAD
BK,1178 GREENE AVENUE
BK, AVENUE D
BX,WEST 258 STREET
QN,147 STREET
SI, LINDA LANE
BX, WATERS PLACE
BX, SAMPSON AVENUE
BK, VAN SINDEREN AVENUE
BX, WALES AVENUE
MN,12 AVENUE
BX,WEST 258 STREET
BX, MC ALPIN AVENUE
BK, VAN SINDEREN AVENUE
SI, PERONA LANE
SI, BARLOW AVENUE
QN, VERNON BOULEVARD
BK,323 3 AVENUE
BX, BRONXDALE AVENUE
SI, ELLIS STREET
QN,76 ROAD
QN, POINT CRESCENT
QN,159 STREET
QN,97 PLACE
SI, ROOSEVELT COURT
SI, MAYBERRY PROMENADE
BX,285 EAST 169 STREET
QN, CROSS BAY BOULEVARD
QN,BEACH 72 STREET
SI, ARCADIA PLACE
SI, CODY PLACE
MN,416 LEXINGTON AVENUE
SI,349 ARBUTUS AVENUE
MN,215A EAST 80 STREET
BK,65 WILLOUGHBY STREET
BK,169 LIVONIA AVENUE
SI, MOSEL AVENUE
SI, ROCCO COURT
QN, MARINETTE STREET
BK, PITKIN AVENUE
MN,WEST 49 STREET
QN, ASTORIA BLVD SOUTH
BX, HOE AVENUE
QN, MADISON STREET
QN,151-01 79 STREET
BX, HORNADAY PLACE
SI, CHRISTINE COURT
QN, POWELLS COVE BLVD
BK, DARE COURT
QN,43 STREET
SI, GRANITE AVENUE
SI, MOSEL AVENUE
MN,WEST 117 STREET
BK,14 AVENUE
BX,1995 HUGHES AVENUE
BK, AVENUE S
SI, BENTLEY LANE
BX, HARDING PARK
QN,BEACH 68 STREET
QN, ARCHWAY PLACE
QN,69 PLACE
BX, PARK AVENUE
BK, LAMA COURT
BX,774 EAST 178 STREET
SI, BELAIR ROAD
SI, MOSEL AVENUE
QN, UNION TURNPIKE
SI, MOSEL AVENUE
BX, BRADLEY STREET
BX,WEST 246 STREET
QN,225 STREET
SI, LYCEUM COURT
QN, ASTORIA BLVD NORTH
BK, EVERGREEN AVENUE
SI,68 DALEMERE ROAD
QN, BEACH CHANNEL DRIVE
BX, GERARD AVENUE
QN,75 STREET
SI, AMBOY ROAD
SI,470 WILSON AVENUE
QN,153 STREET
QN,49 AVENUE
QN,176 STREET
SI, MOSEL AVENUE
QN, SOUTH CONDUIT AVENUE
BK,94 STREET
SI, ILYSSA WAY
SI, PHYLLIS COURT
BK,2134 MILL AVENUE
MN, WEST BROADWAY
QN,102 STREET
BK, EAST NEW YORK AVENUE
MN,EAST 46 STREET
BX, BIRCHALL AVENUE
QN,141 AVENUE
SI, STOBE AVENUE
BX, LONGWOOD AVENUE
QN, ASH AVENUE
BX,EAST 164 STREET
BX, RAT ISLAND
QN, OTTO ROAD
SI, RAMSEY LANE
MN, BROADWAY
BK, JEFFERSON STREET
BX,930 FREEMAN STREET
BK, AVENUE S
QN, FAR ROCKAWAY BLVD
BK, JUST COURT
SI, BRABANT STREET
QN, MADISON STREET
BX, BLONDELL AVENUE
QN, SUNRISE HIGHWAY
SI,15 TIDES LANE
QN,75 STREET
SI, ALBERT COURT
BK,230 LIVONIA AVENUE
QN, WOODSIDE AVENUE
QN,193 STREET
QN, ATLANTIC AVENUE
QN,143 PLACE
BK,403A SOUTH 5 STREET
BX, UNDERHILL AVENUE
BX,
QN, ATLANTIC AVENUE
QN,23 STREET
BX, BRONX BOULEVARD
SI, WOODROW ROAD
MN,47 EAST 44 STREET
MN, DYCKMAN STREET
BK, UTICA AVENUE
QN,109 AVENUE
QN,39 AVENUE
QN, ATLANTIC AVENUE
SI, MOSEL AVENUE
QN, HILLSIDE AVENUE
QN,139 STREET
BK,194 DOVER STREET
SI, PRINCE LANE
BK,398 SOUTH 1 STREET
QN, ATLANTIC AVENUE
BK, ELDERT LANE
SI, CLOVE ROAD
SI, CODY PLACE
QN,92-33 168 STREET
SI, FR CAPODANNO BLVD
QN, HILLSIDE AVENUE
QN, ATLANTIC AVENUE
BK, FT HAMILTON PARKWAY
QN, LAWRENCE STREET
BK, LAKE STREET
QN,109 AVENUE
SI, CANNON AVENUE
SI, MOSEL AVENUE
QN,26-15 212 STREET
BK, RIVERDALE AVENUE
SI, HEWITT AVENUE
QN,56 ROAD
SI, ELLIS STREET
QN,14 STREET
QN,253-19 PEMBROKE AVENUE
BX, BRONX PARK AVENUE
BK, LINDEN BOULEVARD
BK,16 AVENUE
SI, RAGAZZI LANE
QN, ROOSEVELT AVENUE
QN,71 STREET
QN, METROPOLITAN AVENUE
QN,61 DRIVE
BK, WEST STREET
BK, MC GUINNESS BLVD
SI, WAVE STREET
SI, RARITAN AVENUE
BK, PITKIN AVENUE
QN,107 AVENUE
QN, GRENFELL STREET
QN, BAXTER AVENUE
BK,50 STREET
QN,141 ROAD
BK, WATER STREET
MN,146 WEST 118 STREET
QN,BEACH 97 STREET
SI, MORNINGSTAR ROAD
BX, OUTLOOK AVENUE
SI, AMBOY ROAD
QN,109-50 127 STREET
BK,270 KINGS HIGHWAY
SI, FINGERBOARD ROAD
QN,101 STREET
QN,79 STREET
SI, BAY STREET
QN,97 AVENUE
QN, LINDEN BOULEVARD
QN,760 WOODWARD AVENUE
BK, NEPTUNE AVENUE
BK,195 65 STREET
SI,1855I SOUTH RAILROAD AVE
QN,63 DRIVE
MN, BROADWAY
QN,83-23 VIETOR AVENUE
BK, FOSTER AVENUE
QN,49 STREET
BX,177 WEST 236 STREET
QN, BEACH CHANNEL DRIVE
MN, BROADWAY
BK,3046 FULTON STREET
BX,3423 BAYCHESTER AVENUE
QN,99 STREET
QN, RAILROAD AVENUE
QN, PITKIN AVENUE
QN,240 STREET
QN, METROPOLITAN AVENUE
BX,EAST 156 STREET
QN, DREYER AVENUE
BK, DEAN STREET
BX, MACE AVENUE
MN,193 MANHATTAN AVENUE
BX, PALISADE AVENUE
QN, QUEENS BOULEVARD
BX, PARK AVENUE
BK, SHEEPSHEAD BAY ROAD
SI, FABER STREET
QN,111 AVENUE
SI, RARITAN AVENUE
BK, AVENUE N
SI,54 JUSTIN AVENUE
SI, TREADWELL AVENUE
QN,90 AVENUE
MN,225 WEST 53 STREET
MN,624 WEST 132 STREET
BX, BROOK AVENUE
BX, SIMPSON STREET
BX, MULINER AVENUE
QN,BEACH 98 STREET
BK,1 AVENUE
QN,38 STREET
BK,1384 61 STREET
BK,EAST 23 STREET
BK, SURF AVENUE
BK,EAST 99 STREET
QN,71-01 ROOSEVELT AVENUE
QN,21 STREET
BK,EAST 100 STREET
BX, BRUCKNER BOULEVARD
QN, QUEENS BOULEVARD
BX,EAST 144 STREET
QN, STATION ROAD
QN,164 STREET
SI,40 FELDMEYERS LANE
MN,WEST 31 STREET
BX, SHERIDAN EXPRESSWAY
SI, VAN PELT AVENUE
SI, BUSH AVENUE
BK, STERLING PLACE
BX, MATTHEWS AVENUE
BK, LINDEN BOULEVARD
SI, HYLAN BOULEVARD
QN,49 AVENUE
BX, PARK AVENUE
BK,EAST 12 STREET
MN,502 10 AVENUE
QN, SUNRISE HIGHWAY
QN,223 STREET
BK, AVENUE U
MN,EAST 20 STREET
SI, MOSEL AVENUE
QN, SUTTER AVENUE
BX, HARDING PARK
BK, PITKIN AVENUE
QN, HORACE HARDING EXPWY
SI, AMBOY ROAD
MN,WEST 118 STREET
MN,WEST 117 STREET
SI, RICHMOND TERRACE
SI, NECKAR AVENUE
BK,WEST 15 STREET
SI, LORRAINE LOOP
MN, FT WASHINGTON AVENUE
QN,23 AVENUE
SI, BLOOMINGDALE ROAD
QN, MOTT AVENUE
MN,WEST 117 STREET
QN,146 STREET
SI, FINLEY AVENUE
MN, BROADWAY
BK, CONEY ISLAND AVENUE
SI, MC CLEAN AVENUE
BK,606 SHEEPSHEAD BAY ROAD
QN, BEDELL STREET
QN, CLINTON TERRACE
SI, HERRICK AVENUE
QN,23 AVENUE
BK, AVENUE S
SI, MAIN STREET
QN,71 AVENUE
SI, LORRAINE LOOP
QN, LINDEN BOULEVARD
BX,2946 BAISLEY AVENUE
SI, STEUBEN STREET
SI, ARTHUR KILL ROAD
SI, ERIKA LOOP
SI, BALSAM PLACE
QN, WILLETS POINT BLVD
BK, AVENUE Y
SI, DREYER AVENUE
SI, GRANITE AVENUE
QN,57 ROAD
MN, COLUMBUS CIRCLE
BK, LINDEN BOULEVARD
SI, CASWELL LANE
MN, RIVERSIDE DRIVE
SI, ELMWOOD PARK DRIVE
SI, REGINA LANE
SI, IRVING PLACE
QN, JUNO STREET
SI, MORANI STREET
SI, ARROWOOD COURT
SI, RUTHERFORD COURT
QN, IVY CLOSE
SI, PRINCESS LANE
BK, JAY STREET
SI, EDEN COURT
QN,37-20 37 AVENUE
QN, UNDERWOOD ROAD
QN, GROSVENOR LANE
SI, WATERVIEW COURT
QN,140 AVENUE
SI, CHIPPERFIELD COURT
QN, MARKWOOD PLACE
BX,EAST 132 STREET
SI, BRADLEY AVENUE
SI, FAIRLAWN AVENUE
BK, WILSON AVENUE
BX, HARDING PARK
QN, FRANKFORT AVENUE
SI, UNION AVENUE
SI, GEO COURT
BX,3 AVENUE
SI, JEWETT AVENUE
SI, PHEASANT LANE
SI, PEACOCK LOOP
MN,530 WEST 33 STREET
BX, NELSON AVENUE
QN, YELLOWSTONE BLVD
BK, SHORE ROAD
QN, DOUGLAS ROAD
SI, SOUTH EDO COURT
QN, MAURICE AVENUE
QN,BEACH 73 STREET
QN,150-50 3 AVENUE
BK,442 KENT AVENUE
BK,358 SOUTH 5 STREET
SI, WOODROSE LANE
BK, EAST NEW YORK AVENUE
SI, BAY STREET
SI, CRANFORD COURT
BX, CORNELL AVENUE
QN, COUNTRY POINTE CRCL
QN, PAVO ROAD
BX,680 WEST 246 STREET
BK, MESEROLE STREET
QN, BYE STREET
QN, GREENWAY NORTH
QN, GREENWAY NORTH
QN, ASCAN AVENUE
QN, HOLDER PLACE
QN, INGRAM STREET
QN,144 STREET
QN,136 STREET
QN, WATERSIDE COURT
SI, DUANE COURT
SI, GREENWAY DRIVE
SI,882 JEWETT AVENUE
SI, MICHAEL LOOP
SI, COVENTRY ROAD
SI, VAN NAME AVENUE
SI, POND WAY
SI, GLORIA COURT
SI, KIRSHON AVENUE
SI, HIRSCH LANE
SI, ORBIT LANE
SI, CHURCH AVENUE
SI, CORONA AVENUE
SI, WOODCUTTERS LANE
SI, FAIRLAWN LOOP
SI, LOMBARD COURT
SI, ALCOTT STREET
SI, NICOLOSI DRIVE
SI, VAIL AVENUE
SI, LORRAINE LOOP
BX, FAILE STREET
SI, CROWN COURT
SI, BLOOMINGDALE ROAD
SI, LERER LANE
QN, WOODHAVEN BOULEVARD
SI, DEBORAH LOOP
QN,28 STREET
QN,65-40 66 STREET
QN, DALIAN COURT
QN, LAWRENCE STREET
SI, FOREST AVENUE
QN, BELL BOULEVARD
BX, HARDING PARK
QN,225 STREET
BX,1227 WOODYCREST AVENUE
QN, POWELLS COVE BLVD
BX, FORDHAM PLACE
QN, BEACH CHANNEL DRIVE
SI, GREENCROFT LANE
SI, SPRAGUE AVENUE
SI, AMBOY ROAD
SI, MARSH AVENUE
BX, COURTLANDT AVENUE
SI, HOWARD AVENUE
SI, HYLAN BOULEVARD
SI, BARLOW AVENUE
QN,140 AVENUE
BK, HULL STREET
QN,115-04 DUNKIRK STREET
BX, BOLTON AVENUE
BX,1806 SEWARD AVENUE
BX, HARDING PARK
QN,50 STREET
QN,74 STREET
QN,150 STREET
QN, SUNRISE HIGHWAY
BK,6 AVENUE
SI, OSGOOD AVENUE
BK, EVERGREEN AVENUE
SI, BAY STREET
SI, AMBOY ROAD
QN, RAILROAD AVENUE
SI, AMBOY ROAD
QN, LINDEN BOULEVARD
QN,71 AVENUE
SI, STONECREST COURT
QN, CYPRESS AVENUE
SI,3844 RICHMOND AVENUE
MN,434 WEST 36 STREET
QN, QUEENS BOULEVARD
QN,39-17 192 STREET
QN,224 STREET
QN,50 AVENUE
SI, THOMPSON STREET
BX, MIDDLETOWN ROAD
MN, HARLEM RIVER DRIVE
QN, HOLDER PLACE
BK,BAY 16 STREET
MN,152 EAST 57 STREET
QN, GIPSON STREET
QN, BAISLEY BOULEVARD
BK, ROCKAWAY AVENUE
QN,133 AVENUE
BK, STILLWELL AVENUE
QN, GREENWAY SOUTH
BX, BIRCHALL AVENUE
BX, BRONXDALE AVENUE
BK, KEAP STREET
BX, GOLD STREET
QN,84 STREET
QN, BELL BOULEVARD
QN, ATLANTIC AVENUE
QN, SOUTH CONDUIT AVENUE
SI, CHURCH STREET
SI, GRANITE AVENUE
SI, MARISA COURT
SI, CLIFTON AVENUE
SI,236 YETMAN AVENUE
QN, UNION TURNPIKE
QN,BEACH 64 STREET
BX, CLOSE AVENUE
SI, DELMAR AVENUE
BK, TROY AVENUE
QN,54 STREET
QN,11-07 126 STREET
QN,149 AVENUE
QN, BAISLEY BOULEVARD
QN,102 STREET
SI, VAN NAME AVENUE
QN,25 AVENUE
QN, JAMAICA AVENUE
QN, FLEET STREET
QN, BURNS STREET
QN,208 PLACE
QN,99 STREET
SI, RAMONA AVENUE
SI, DINA COURT
SI, BENTLEY STREET
SI, WOODROW ROAD
SI, CEDARWOOD COURT
BK,411 BERRY STREET
QN, SOUTH CONDUIT AVENUE
SI, MAYBERRY PROMENADE
BK, VAN SINDEREN AVENUE
BX,120 UNDERHILL AVENUE
BK,WEST 7 STREET
QN, POWELLS COVE BLVD
QN, FAR ROCKAWAY BLVD
QN,41 AVENUE
MN, RIVERSIDE PARK
SI, WILLOW ROAD EAST
SI, BOCCE COURT
SI, TURNER STREET
SI, LYCEUM COURT
QN,98 AVENUE
BX, BRONX RIVER AVENUE
BX, BOLLER AVENUE
QN, ROCKAWAY BEACH BLVD
BX, BRUCKNER BOULEVARD
QN, FAR ROCKAWAY BLVD
QN, MYRTLE AVENUE
QN, FAR ROCKAWAY BLVD
QN,BEACH 67 STREET
QN, BEACH CHANNEL DRIVE
SI, CODY PLACE
QN, NORTH CONDUIT AVENUE
SI, JOHN STREET
BX, EASTCHESTER ROAD
SI, WINDSOR COURT
QN, FARMERS BOULEVARD
SI, GREENFIELD COURT
SI, STRAWBERRY LANE
SI, IMPALA COURT
QN, WINCHESTER BOULEVARD
BK, FT HAMILTON PARKWAY
BK, SURF AVENUE
QN, LINDEN BOULEVARD
QN,60 STREET
QN, ONDERDONK AVENUE
QN, METROPOLITAN AVENUE
SI, WELLINGTON COURT
SI, GREENWAY AVENUE
QN,43 STREET
BK, AVENUE L
QN,91-01 91 AVENUE
BX,EAST 162 STREET
BK, WHITE STREET
BK,10 AVENUE
SI, MOSEL AVENUE
QN, SPRINGFIELD BLVD
QN, HIGHLAND AVENUE
QN,147 STREET
BK,1278 MCDONALD AVENUE
QN, ROCKAWAY BEACH BLVD
SI, VIRGINIA AVENUE
QN, SOUTH CONDUIT AVENUE
BK, SUTTER AVENUE
SI, PARK AVENUE
MN,566 WEST 170 STREET
MN,EAST 45 STREET
MN,430 WEST 36 STREET
BX, MACOMBS DAM PARK
BK,28 MALCOLM X BOULEVARD
BK,EAST 100 STREET
MN, RIVERSIDE PARK
MN, GREENWICH STREET
BK, ROYCE STREET
QN,42 AVENUE
SI, WESTPORT LANE
QN,128 DRIVE
QN, DONGAN AVENUE
QN,159 STREET
SI, BARLOW AVENUE
SI, EXCELSIOR AVENUE
BK,EAST 43 STREET
QN,BEACH 40 STREET
SI, BAY STREET
BK, CENTRAL AVENUE
BX, MAJOR DEEGAN EXPRESS
QN, WILLETS POINT BLVD
SI, WOODVALE AVENUE
SI, PATTERSON AVENUE
SI, BURGUNDY LOOP
SI, MILL ROAD
QN,23 AVENUE
SI, SOUTH RAILROAD ST
SI, GROVE AVENUE
QN, ELIOT AVENUE
BX, PARK AVENUE
QN, MEADOW ROAD
MN,10 AVENUE
BK, ATLANTIC AVENUE
BK, PACIFIC STREET
BK, AVENUE Z
SI, HYLAN BOULEVARD
SI, MORNINGSTAR ROAD
BX, BRONX PARK AVENUE
QN,84 STREET
BK,3021 KNAPP STREET
QN, UNION TURNPIKE
SI, LYNDALE LANE
QN, SUNRISE HIGHWAY
SI, MOSEL AVENUE
MN,WEST 135 STREET
QN, BOW STREET
QN, BURNS STREET
QN,87-73 123 STREET
QN,211 STREET
MN, WARDS ISLAND
QN, PARSONS BOULEVARD
QN,BEACH 42 STREET
SI, TEMPLE COURT
QN,130 STREET
QN,70 AVENUE
QN,133 AVENUE
QN,144 STREET
QN,145 STREET
QN,74 STREET
QN,BEACH 77 STREET
BX,419 BOTANICAL SQUARE S
SI, MAPLE AVENUE
SI, NAVIGATOR COURT
BX, INTERVALE AVENUE
QN,58 STREET
QN,123 STREET
BX,230 WEST TREMONT AVENUE
QN, WOODSIDE AVENUE
SI, GREAVES AVENUE
BK, MORGAN AVENUE
BX, CARPENTER AVE
BX,2471 WESTCHESTER AVENUE
QN, BEACH CHANNEL DRIVE
QN,43 AVENUE
BK, SURF AVENUE
QN,159 STREET
QN, ROCKAWAY BOULEVARD
SI, ALTER AVENUE
QN, HAWTREE CREEK ROAD
SI, PELTON AVENUE
SI, ARTHUR KILL ROAD
QN, SOUTH CONDUIT AVENUE
QN, NORTH CONDUIT AVENUE
SI,2475 VICTORY BOULEVARD
SI, JOHNSON AVENUE
SI, NICHOLAS AVENUE
QN, BOW STREET
SI, DARLINGTON AVENUE
SI, AMBOY ROAD
SI, RICHMOND HILL ROAD
MN,11 AVENUE
SI, WIRT AVENUE
QN,133-17 41 AVENUE
QN, QUEENS BOULEVARD
QN,42 AVENUE
BK,337 14 STREET
QN, ROOSEVELT AVENUE
MN, RIVERVIEW TERRACE
SI, UNION AVENUE
QN,BEACH 73 STREET
QN,25 AVENUE
SI, GIRARD STREET
QN,69 PLACE
BK, PACIFIC STREET
BK,8517 FLATLANDS AVENUE
SI, MOSEL AVENUE
SI, SAVO LOOP
BX, ROSE FEISS BOULEVARD
BK,380 SOUTH 1 STREET
MN, HUDSON STREET
BX,1940 TURNBULL AVENUE
BX,1931 LAFAYETTE AVENUE
BX, LAFAYETTE AVENUE
QN,35 STREET
QN, BRINKERHOFF AVENUE
SI, AMBOY ROAD
QN, ASTORIA BOULEVARD
QN,39 AVENUE
MN,184 AVENUE D
BK,2 AVENUE
BX, WHITE PLAINS ROAD
QN,176 STREET
SI, CHAPIN AVENUE
QN,149 AVENUE
SI, WHALLEY AVENUE
QN,100 STREET
QN,97 STREET
BX,EAST 180 STREET
QN, METROPOLITAN AVENUE
QN,56 ROAD
SI, NORTH GANNON AVENUE
SI, JEFFERSON AVENUE
SI, GRASMERE AVENUE
SI,95 MACON AVENUE
BK, GRANT AVENUE
BK,2210 MERMAID AVENUE
QN, AUSTIN STREET
QN,132 ROAD
SI, LAMONT AVENUE
SI, ERIKA LOOP
QN, WYCKOFF AVENUE
BK,298 EUCLID AVENUE
QN,163-17 STATION ROAD
MN,221 EAST 37 STREET
SI, CANDON COURT
BX, BRONX BOULEVARD
BK,18 AVENUE
QN,
BX, WATERS PLACE
QN,69 STREET
QN,BEACH 193 STREET
SI, ZOE STREET
BX, POPLAR STREET
QN, SOUTH RAILROAD AVE
QN,58-00 59 AVENUE
QN,127-11 POWELLS COVE BLVD
BK, SHORE PARKWAY
SI, MANEE AVENUE
BK,1129 HALSEY STREET
SI, ESSEX DRIVE
BX,904 HUNTS POINT AVENUE
QN,BEACH 96 STREET
QN, NORTHERN BOULEVARD
BX, EAST TREMONT AVENUE
QN, SAYRES AVENUE
QN,BEACH 12 STREET
QN,57 STREET
SI,241 VEDDER AVENUE
SI, BLOOMINGDALE ROAD
SI, WINDHAM LOOP
QN,63 STREET
QN,135 AVENUE
QN,21 STREET
BX, LEGGETT AVENUE
QN, BURNS STREET
QN,149 AVENUE
QN,60 PLACE
BK, JUST COURT
SI, MORNINGSTAR ROAD
SI, ARTHUR KILL ROAD
SI, BLOOMINGDALE ROAD
BK, SUTTER AVENUE
QN,160 AVENUE
QN,114-50 LEFFERTS BOULEVARD
QN, WOODSIDE AVENUE
MN,2 DOYERS STREET
QN, UNION HALL STREET
QN,87-40 109 STREET
QN, PITKIN AVENUE
QN, BAISLEY BOULEVARD
QN,BEACH 96 STREET
SI, SOUTH RAILROAD AVE
SI, AMBOY ROAD
SI, HYLAN BOULEVARD
SI,1250 BAY STREET
QN,146 STREET
QN,219 STREET
SI, RICHMOND VALLEY ROAD
SI, SPOONER STREET
QN,46 ROAD
BK,302 VAN SINDEREN AVENUE
SI,36 BAY STREET LANDING
BK,EAST 98 STREET
QN, SUNRISE HIGHWAY
QN,28-20 JACKSON AVENUE
QN,87 AVENUE
BX, ST MARYS STREET
QN,68-28 70 AVENUE
BK, DUMONT AVENUE
QN,149 AVENUE
QN,111 AVENUE
BK, MC KIBBIN COURT
BK, SUTTER AVENUE
QN, DITMARS BOULEVARD
MN,276 AVENUE C
QN, NORTH CONDUIT AVENUE
QN,120 AVENUE
SI, HUGUENOT AVENUE
SI, ALTER AVENUE
BX, GARFIELD STREET
SI, LUKE COURT
QN,175 STREET
QN, LITTLE NECK PARKWAY
BX, WEST KINGSBRIDGE RD
QN, FRESH POND ROAD
QN,74 STREET
QN, BOWNE STREET
BX, EAST TREMONT AVENUE
BX,EAST 138 STREET
SI, RICHMOND TERRACE
QN,219 STREET
QN,
MN,1 AVENUE
BX, OAK POINT AVENUE
SI, SPRAGUE AVENUE
QN, FARMERS BOULEVARD
QN,104-67 45 AVENUE
QN,168 STREET
QN, DEPEW AVENUE
QN,89-67 162 STREET
SI, GARFIELD AVENUE
QN, SUNRISE HIGHWAY
BX, PAULDING AVENUE
BK, BEDFORD AVENUE
SI, BEACH AVENUE
QN, FARMERS BOULEVARD
SI, WILLOW AVENUE
QN, GRENFELL STREET
SI, CANNON AVENUE
QN, CORP KENNEDY STREET
QN, BORDEN AVENUE
BX,EAST 141 STREET
SI, BAY STREET
BK,547 CLINTON AVENUE
BX,3050 CRUGER AVENUE
BK, GARDNER AVENUE
SI, MOSEL AVENUE
SI,870 ANNADALE ROAD
SI, DOE COURT
SI, SOUTH RAILROAD AVE
BK,EAST 18 STREET
BX,1324 WESTCHESTER AVENUE
QN,34-50 VERNON BOULEVARD
QN,164 PLACE
SI, DONGAN HILLS AVENUE
SI,1 BENTLEY STREET
QN, BOWNE STREET
QN, DENTON STREET
BK,6309 18 AVENUE
QN, BRINKERHOFF AVENUE
MN,503 EAST 74 STREET
MN,107 EAST 28 STREET
QN, FARMERS BOULEVARD
SI, BLOSSOM LANE
BK, MEEKER AVENUE
SI, BLOOMFIELD AVENUE
BX,1106 HOE AVENUE
SI, CLARK LANE
BX,
QN,27 STREET
BK,EAST 21 STREET
QN,47 ROAD
QN,31 AVENUE
BX, BRUCKNER BOULEVARD
QN, CYPRESS HILLS STREET
QN, GUY R BREWER BLVD
SI, WEST FINGERBOARD RD
QN,93-01 199 STREET
MN,232 WEST 31 STREET
SI, WILSON AVENUE
QN, VERNON BOULEVARD
BX,EAST 134 STREET
SI,
QN,19 STREET
QN, FRANCIS LEWIS BLVD
BK,87 RIVER STREET
QN,BEACH 67 STREET
QN, COOPER AVENUE
MN,237 EAST 55 STREET
BX,EAST 241 STREET
BX,415 BRUCKNER BOULEVARD
QN,88 STREET
BX,751 GARRISON AVENUE
SI, NORTH RAILROAD AVE
SI, ARTHUR KILL ROAD
QN, ATLANTIC AVENUE
QN,45 AVENUE
BK,95 YORK STREET
BK, STILLWELL AVENUE
BK,763 ROCKAWAY AVENUE
BK, LINCOLN AVENUE
QN, BEAVER ROAD
SI,219 TRACY AVENUE
SI, LEXA PLACE
QN, RUST STREET
QN,137-34 NORTHERN BOULEVARD
QN,39 STREET
BK, CONEY ISLAND AVENUE
SI, WILSON AVENUE
BK,1064 BUSHWICK AVENUE
BK, RALPH AVENUE
QN, ATLANTIC AVENUE
BK,EAST 15 STREET
QN,45-06 244 STREET
MN,EAST 42 STREET
BX,1514 SACKETT AVENUE
QN, AUSTIN STREET
QN,20 AVENUE
QN, SPRINGFIELD BLVD
SI, ELIZABETH GROVE ROAD
SI, WILLOW AVENUE
BX, MAJ WM DEEGAN BLVD
QN, VAN WYCK EXPRESSWAY
QN,140 AVENUE
BK,EAST 95 STREET
BK, MC DONALD AVENUE
QN,138-08 111 AVENUE
SI,1842 NORTH RAILROAD AVE
SI, AMBOY ROAD
SI, HUGUENOT AVENUE
QN,160 AVENUE
BX,351 EAST 139 STREET
BK,2117 BEDFORD AVENUE
QN,45 AVENUE
SI, WHITNEY AVENUE
SI, LINCOLN AVENUE
QN, WOODHAVEN BOULEVARD
QN,44 STREET
QN, FARMERS BOULEVARD
QN, SHALER AVENUE
SI, WEST SHORE PARKWAY
QN,54 STREET
QN, DOUGLAS AVENUE
SI,35 UTAH STREET
BK,36 STREET
QN,140 STREET
BX, PELHAM BAY PARK
SI, GRANITE AVENUE
BX, WEBSTER AVENUE
QN,89-71 163 STREET
QN, BORDEN AVENUE
QN, SMITH STREET
QN,219 STREET
QN, ATLANTIC AVENUE
SI, BAY STREET
SI, CORONA AVENUE
QN,45 STREET
SI,26 CLIFTON AVENUE
BK,EAST 22 STREET
SI, GIFFORDS LANE
SI,867 HUGUENOT AVENUE
QN, WOODSIDE AVENUE
QN,28-27 30 STREET
SI, GARRETSON AVENUE
SI, VICTORY BOULEVARD
BX,EAST 137 STREET
BX, LOCUST AVENUE
BK,8 AVENUE
BX,
BK, AVENUE D
QN, YELLOWSTONE BLVD
MN, AMSTERDAM AVENUE
SI, SANDS STREET
QN, FAR ROCKAWAY BLVD
SI, BAY STREET
SI,
QN,36 AVENUE
SI, AMBOY ROAD
QN,49 STREET
QN,120 AVENUE
QN,127 STREET
QN, MOTT AVENUE
QN,20 AVENUE
BK, HINSDALE STREET
QN,49 AVENUE
QN, BAISLEY BOULEVARD
BX,164 SCHOFIELD STREET
SI, GULF AVENUE
QN,69 PLACE
SI, WILLOW AVENUE
QN, HAWTREE STREET
QN, SUNRISE HIGHWAY
SI, MORNINGSTAR ROAD
BX,EAST 172 STREET
SI,1908R NORTH RAILROAD AVE
BK, ROCKAWAY AVENUE
BX,EAST 178 STREET
QN,147 ROAD
QN, VAN WYCK EXPRESSWAY
QN,222 STREET
BK,774 MONTAUK AVENUE
SI, RIGA STREET
BX, EASTCHESTER ROAD
QN, HOLLIS AVENUE
BX,EAST 138 STREET
BK, GLENWOOD ROAD
QN, STEINWAY STREET
QN, LINDEN BOULEVARD
BX,EAST 134 STREET
QN,BEACH 12 STREET
QN,60 DRIVE
QN, MAIN STREET
QN, CALAMUS AVENUE
SI, TYSENS LANE
BX,701 GARRISON AVENUE
BX, BUSINESS PLACE
BK, AVENUE Z
BK,819 NOSTRAND AVENUE
BK, AVENUE H
SI,
QN,44 AVENUE
MN,135 7 AVENUE
SI, WARD AVENUE
SI, GUYON AVENUE
QN, GUY R BREWER BLVD
QN, ATLANTIC AVENUE
BK, SUTTER AVENUE
QN, REVIEW AVENUE
QN, SPRINGFIELD BLVD
SI, NORTH RAILROAD AVE
QN,21 STREET
BX, LEBANON STREET
BK, FRANKLIN AVENUE
QN,204-30 JAMAICA AVENUE
QN,222 STREET
SI, DELAWARE AVENUE
BX, HUNTS POINT AVENUE
QN, FAR ROCKAWAY BLVD
BX, LONGFELLOW AVENUE
QN, NORTH CONDUIT AVENUE
QN, MADISON STREET
QN, BESSEMER STREET
MN,327 EAST 63 STREET
QN,38-23 55 STREET
BK,EAST 80 STREET
BX, LONGFELLOW AVENUE
QN, MOTT AVENUE
QN, BROOKVILLE BOULEVARD
QN,57 STREET
QN, AUSTIN STREET
MN,3775 9 AVENUE
QN,34-28 COLLEGE POINT BLVD
QN, SPRINGFIELD BLVD
SI, MARGO LOOP
SI, NORTH RAILROAD AVE
SI, AMBOY ROAD
SI, WILD AVENUE
QN,121 STREET
BK,8 AVENUE
QN,108 STREET
QN,222 STREET
QN, BEDELL STREET
MN,608 WEST 175 STREET
MN,WEST 203 STREET
SI, BAYVIEW AVENUE
SI, STUYVESANT AVENUE
QN, SOUTH CONDUIT AVENUE
QN, LIBERTY AVENUE
SI,219 ELLIS STREET
QN,129 AVENUE
QN,109 STREET
BX, MELVILLE STREET
BX,1211 GRANDVIEW PLACE
QN, HILLSIDE AVENUE
SI, ZOE STREET
BX,2885 JEROME AVENUE
SI, VERNON AVENUE
MN, DYER AVENUE
BX,366 EAST 150 STREET
BX,
QN, SUNRISE HIGHWAY
BK,49 STREET
QN,45-20 48 STREET
QN,56 STREET
SI,45 SEGUINE AVENUE
QN, OTTO ROAD
QN,81-09 LEFFERTS BOULEVARD
QN,39 AVENUE
QN,58 STREET
QN,71 AVENUE
QN,57 AVENUE
SI, ARDEN AVENUE
BK,676 ATLANTIC AVENUE
BK, OCEAN PARKWAY
BK,26 STREET
BX,WEST 230 STREET
BK, JUNIUS STREET
SI, ARMSTRONG AVENUE
BX,320 LACONIA AVENUE
SI, HUGUENOT AVENUE
SI, THOMPSON STREET
QN, MOTT AVENUE
QN, ATLANTIC AVENUE
QN,140 AVENUE
BK, NEW UTRECHT AVENUE
BX, PAULDING AVENUE
QN,57 AVENUE
BX,EAST 141 STREET
SI, LEONELLO LANE
MN,50 THAYER STREET
QN,91 AVENUE
QN,160 STREET
QN,BEACH 88 STREET
QN,170 STREET
BK, AVENUE U
QN,45 AVENUE
SI, MOSEL LOOP
QN, LAUREL HILL BLVD
QN,158 AVENUE
QN, UNION TURNPIKE
QN,30 AVENUE
QN,89 AVENUE
QN,101 STREET
QN, CROSS BAY BOULEVARD
QN, SOUTH CONDUIT AVENUE
QN, ALDERTON STREET
QN,64 ROAD
QN,73 AVENUE
SI, CHALLENGER DRIVE
QN,63 DRIVE
QN, NORTH CONDUIT AVENUE
QN,230 STREET
QN,102 STREET
QN, ATLANTIC AVENUE
QN, ATLANTIC AVENUE
MN,1 TERRACE VIEW AVENUE
QN,216 STREET
QN,164 STREET
QN,161 STREET
BX,1260 RYAWA AVENUE
QN,164-44 109 AVENUE
QN,214-01 89 AVENUE
QN,10 AVENUE
SI,1801 RICHMOND TERRACE
QN,108 AVENUE
QN,164-27 110 AVENUE
QN,101-19 120 STREET
QN,164-11 109 DRIVE
QN, BERRIAN BOULEVARD
QN,78-23 164 STREET
BK,12266 FLATLANDS AVENUE
MN, F D R DRIVE
QN,106 ROAD
MN, NORTH RIVER DRIVE
QN,193 STREET
QN,118-50 128 STREET
QN, ROCKAWAY BEACH BLVD
QN, EDGEMERE AVENUE
QN,BEACH 80 STREET
QN, FAR ROCKAWAY BLVD
QN, CORNAGA AVENUE
QN,12 ROAD
QN, FAR ROCKAWAY BLVD
QN, ROCKAWAY BEACH BLVD
QN, CRYDERS LANE
MN,505 WEST 52 STREET
MN, WARDS ISLAND
MN,266 WEST 96 STREET
QN,BEACH 84 STREET
QN, ROCKAWAY BEACH BLVD
BX, WALTON AVENUE
BX, MAJ WM DEEGAN BLVD
BX, PALISADE AVENUE
BX, BULLARD AVENUE
MN, HARLEM RIVER DRIVE
BX,WEST 192 STREET
BX, CROSS BRONX EXPWY
BX,EAST 158 STREET
BX, PARK AVENUE
BX, PARK AVENUE
BX,
BX,EAST 149 STREET
BX, PARK AVENUE
BX,WEST 192 STREET
BX,EAST 135 STREET
BX,EAST 149 STREET
SI, NARROWS ROAD SOUTH
SI, WAVE STREET
BX,
QN, HOOK CREEK BOULEVARD
QN, SOUTH CONDUIT AVENUE
QN, LAURELTON PARKWAY
QN, NORTH CONDUIT AVENUE
QN, SOUTH CONDUIT AVENUE
BX,
QN, SUNRISE HIGHWAY
QN, SUNRISE HIGHWAY
BX,
QN, SOUTH CONDUIT AVENUE
QN, NORTH CONDUIT AVENUE
BK,101 19 STREET
QN,177-01 109 AVENUE
QN, SUNRISE HIGHWAY
BK, KNAPP STREET
QN,45 AVENUE
QN,89-10 ROCKAWAY FREEWAY
QN,105-20 ROCKAWAY FREEWAY
QN,BEACH 105 STREET
SI, DAVIS AVENUE
QN, CROSS BAY PARKWAY
SI, ARTHUR KILL ROAD
QN,34 ROAD
QN,44 AVENUE
QN,7 AVENUE
QN, BELLAIRE PLACE
QN, FAR ROCKAWAY BLVD
QN, NASHVILLE BOULEVARD
SI, HARBOR ROAD
QN,BEACH 75 STREET
QN,1 STREET
BK,12 STREET
QN, SKILLMAN AVENUE
QN, METROPOLITAN AVENUE
BX, WESTCHESTER AVENUE
BK, LINCOLN AVENUE
QN, SHORTHILL ROAD
QN,89-09 ROOSEVELT AVENUE
BK,6617 BAY PARKWAY
QN,50 AVENUE
QN,238 BEACH 116 STREET
BK, AVENUE M
BX,4000 IRWIN AVENUE
BX, GIVAN AVENUE
BK,70 SOUTH 6 STREET
BK,8 AVENUE
BK, DITMAS AVENUE
BK, PARK PLACE
BK, LEFFERTS PLACE
BK, AVENUE V
BK, AVENUE X
QN, FREMONT STREET
BK, FARRAGUT ROAD
BX, BRONX RIVER PARKWAY
BX, GIVAN AVENUE
BK,154 HIGHLAWN AVENUE
MN,10 AVENUE
BX, BYRON AVENUE
QN,60 LANE
BK,6419 NEW UTRECHT AVENUE
BX, MATTHEWS AVENUE
BK, AVENUE S
BK, COOK COURT
BX,1496 BENSON STREET
BK, ST PAULS PLACE
QN,105-09 76 AVENUE
QN,98-02 LIBERTY AVENUE
BK, DREW STREET
BK,7 AVENUE
BK, VERNON AVENUE
BK, MYRTLE AVENUE
BK, DREW STREET
BX, WATERS PLACE
QN, FOREST AVENUE
BK,6313 17 AVENUE
QN, BEACH CHANNEL DRIVE
BK, FOSTER AVENUE
BK, LINCOLN ROAD
BK, AVENUE Z
BK, SHORE PARKWAY
BK, AVENUE O
QN,133 AVENUE
BK,851 AVENUE I
QN, SUNRISE HIGHWAY
BX, WATERS PLACE
BK,416 89 STREET
BK,2731 WEST 12 STREET
BK, BEVERLY ROAD
BX, DEWITT PLACE
BK,1508 KINGS HIGHWAY
BK, AVENUE Z
QN, BEACH CHANNEL DRIVE
BX, COOPER AVENUE
QN, FAR ROCKAWAY BLVD
BK,EAST 16 STREET
BK,3801 NEW UTRECHT AVENUE
QN,103-54 99 STREET
QN,80-22 JAMAICA AVENUE
QN,159 STREET
QN,132 STREET
BK, ROCKAWAY AVENUE
MN,46 CLIFF STREET
BK, AVENUE N
QN,149 AVENUE
MN,1782 LEXINGTON AVENUE
BX,4510 FURMAN AVENUE
BK, UNION STREET
QN, PITKIN AVENUE
QN, PITKIN AVENUE
QN, PALMETTO STREET
BK, DORCHESTER ROAD
BK, LINCOLN PLACE
BK, NEPTUNE AVENUE
BX, MORRIS PARK AVENUE
BK, AVENUE R
QN, HORACE HARDING EXPWY
BK,EAST 16 STREET
BX,EAST 177 STREET
BK, AVENUE K
BK,1518 CORTELYOU ROAD
BK,EAST 106 STREET
QN,99 STREET
QN, BEACH CHANNEL DRIVE
BX,EAST 180 STREET
BX, BOSTON ROAD
BK, AVENUE U
BX, BLONDELL AVENUE
BX, RIVER AVENUE
MN,421 EAST 42 STREET
BK,19 AVENUE
BK, AVENUE P
BK,258 FURMAN STREET
BK,11 AVENUE
BK, VAN SINDEREN AVENUE
BX, KINGSLAND AVENUE
BX,EAST 222 STREET
BK, LUQUER STREET
BX,2167 WHITE PLAINS ROAD
BK,65 STREET
QN,
BX, BULLARD AVENUE
BK, VAN SINDEREN AVENUE
QN,BEACH 96 STREET
QN,23 AVENUE
BX, BULLARD AVENUE
QN, WAINWRIGHT COURT
QN,BEACH 102 STREET
QN,BEACH 25 STREET
QN, FAR ROCKAWAY BLVD
SI, NORTH RAILROAD AVE
QN,51 AVENUE
QN,149 AVENUE
QN,BEACH 98 STREET
QN,BEACH 97 STREET
SI, FISHER AVENUE
QN,BEACH 86 STREET
QN, JAVA PLACE
QN,146 STREET
QN,BEACH 97 STREET
BK, METROPOLITAN AVENUE
QN,38 ROAD
QN, NORTH CONDUIT AVENUE
QN,7 AVENUE
SI, BENTLEY STREET
BX, ROSE FEISS BOULEVARD
BX, BRUCKNER BOULEVARD
QN,BEACH 68 STREET
QN,159 STREET
MN,441 WEST 40 STREET
MN,448 WEST 34 STREET
MN, RIVERSIDE DRIVE
SI, HOLLAND AVENUE
SI, LOCKMAN AVENUE
SI, LAKE AVENUE
SI, RICHMOND TERRACE
SI, NORTH STREET
SI, WAVE STREET
SI, IRVING PLACE
SI, VAN NAME AVENUE
SI, GROVE AVENUE
SI, RICHMOND TERRACE
SI, RIVER ROAD
SI, RICHMOND TERRACE
SI, RICHMOND TERRACE
SI, DE HART AVENUE
SI, LEYDEN AVENUE
BK,2 AVENUE
SI, WINANT STREET
SI, RICHMOND TERRACE
SI, RICHMOND TERRACE
SI, MC KINLEY AVENUE
SI, RICHMOND AVENUE
SI, NICHOLAS AVENUE
QN, FARMERS BOULEVARD
MN,89 EAST 42ND STREET
QN, FARMERS BOULEVARD
SI, WIRT AVENUE
QN, SPRINGFIELD BLVD
BK, VAN SINDEREN AVENUE
BX, WEBSTER AVENUE
SI, ARLO ROAD
QN, PARSONS BOULEVARD
BK, CARROLL STREET
BK, CARROLL STREET
SI, SPERRY PLACE
MN,507 EAST 59 STREET
BX, EDGEWATER ROAD
QN,91 PLACE
BK, REMSEN AVENUE
QN, SKILLMAN AVENUE
QN, LINDEN BOULEVARD
QN, ARION ROAD
QN,120 AVENUE
QN,96 STREET
MN, BROADWAY
QN,
QN, EDGEMERE AVENUE
MN,70 WATER STREET
QN,208 PLACE
BK,15 AVENUE
MN,44 EAST 50 STREET
MN, RIVERSIDE DRIVE
BK,
MN,WEST 225 STREET
SI, DARLINGTON AVENUE
BX, MAJ WM DEEGAN BLVD
MN,165 ESSEX STREET
BX, PARK AVENUE
BX, JEROME AVENUE
QN,23 STREET
BX, AMETHYST STREET
BX, BOLLER AVENUE
BX, BURKE AVENUE
QN,133-01 120 AVENUE
BK, CONWAY STREET
BK,EAST 18 STREET
MN,439 WEST 37 STREET
QN, LINDEN BOULEVARD
BK,37 STREET
QN, LEFFERTS BOULEVARD
SI, VAN PELT AVENUE
BK,10 AVENUE
QN,54 STREET
BK, ASHLAND PLACE
BK,1518 ST MARKS AVENUE
BK,57 STREET
QN,180 STREET
BK,EAST 98 STREET
BK,WEST 9 STREET
BK,62 STREET
BK,1517 NEWKIRK AVENUE
BK, NEWKIRK AVENUE
BK,17 AVENUE
BK,EAST 14 STREET
BK,EAST 18 STREET
QN,206 STREET
BK, NEPTUNE AVENUE
BK,WEST 8 STREET
BK, WALDORF COURT
QN,141 AVENUE
QN,113-30 FRANCIS LEWIS BLVD
BK,EAST 66 STREET
BK,86 STREET
QN,49 AVENUE
QN, HAWTREE BASIN
QN, MARTENSE AVENUE
QN,65 PLACE
QN, UNION TURNPIKE
BK,EAST 45 STREET
QN, BROADWAY
QN,41 AVENUE
QN,98 STREET
QN,135 AVENUE
SI, MOSEL AVENUE
SI, GEO COURT
MN,WEST 145 STREET
QN,58 STREET
QN, HILLSIDE AVENUE
QN, SUMMER STREET
BK,265 KINGS HIGHWAY
SI,42 NEW DORP LANE
BK,24 STREET
BX,3835 BOSTON ROAD
MN,WEST 38 STREET
SI, MOSEL AVENUE
BK, LIVONIA AVENUE
QN,172-02 129 AVENUE
QN,71 STREET
QN,139-26I 85 DRIVE
QN,230 STREET
MN, WASHINGTON STREET
QN,50-14 98 STREET
BK, UTICA AVE
SI,1149 RICHMOND TERRACE
QN,39 ROAD
BK,475 FLATBUSH AVENUE
BX,WEST 238 STREET
QN, BURNS STREET
SI, DELL COURT
QN, ROCKAWAY BEACH BLVD
BX, LACONIA AVENUE
QN, POWER ROAD
BK,WEST 32 STREET
BK,WEST 8 STREET
SI, ANACONDA STREET
QN, BURNS STREET
QN,88 AVENUE
QN,159 STREET
QN,69 STREET
SI, HYLAN BOULEVARD
BK,1714 MCDONALD AVENUE
QN, GUY R BREWER BLVD
QN, CROSS ISLAND PARKWAY
QN, NORTH CONDUIT AVENUE
SI, AMBOY ROAD
QN, SOUTH CONDUIT AVENUE
MN,701 WEST 135 STREET
QN,BEACH 64 STREET
SI, RICHMOND TERRACE
BK,EAST 7 STREET
BX, PARK AVENUE
BK,WEST 33 STREET
BK,54 STREET
QN,251 STREET
QN,54-02 BROADWAY
QN,112 ROAD
BX,4713A INDEPENDENCE AVENUE
SI, HIRSCH LANE
BK, FULTON STREET
BX, WHITE PLAINS ROAD
BK,7 AVENUE
QN, NORTH CONDUIT AVENUE
BK,27 STREET
SI, RICHMOND TERRACE
QN, SOUTH CONDUIT AVENUE
QN, DOWNING STREET
QN,49 AVENUE
QN, OCEAN CREST BLVD
QN, SUNRISE HIGHWAY
QN,159 STREET
SI, DE HART AVENUE
SI, EAGAN AVENUE
QN,133 STREET
QN, FARMERS BOULEVARD
QN, WOODSIDE AVENUE
QN,140 AVENUE
QN,233 STREET
QN, BELKNAP STREET
QN, BELKNAP STREET
QN, SPRINGFIELD BLVD
QN,19 STREET
BX, WATERS PLACE
BK,EAST 3 STREET
BK, EAST NEW YORK AVENUE
SI, PROSPECT STREET
QN, NATIONAL STREET
BX, PARK AVENUE
MN, TERRACE VIEW AVENUE
QN, BORDEN AVENUE
SI, MOSEL AVENUE
QN,180 STREET
QN, SKILLMAN AVENUE
MN, RIVERSIDE PARK
QN,15-02 FAR ROCKAWAY BLVD
QN,161 STREET
SI,2086 CLOVE ROAD
QN,12 ROAD
QN,159 STREET
QN, CONCH PLACE
QN, FOREST AVENUE
SI, EATON PLACE
BK,15 AVENUE
SI, WINANT STREET
SI, GRANITE AVENUE
MN, BODY OF WATER
BX,WEST 167 STREET
MN,230 AVENUE C
QN,31 ROAD
SI, COUNTRY DRIVE WEST
BK,WEST 8 STREET
BK, NEWPORT STREET
SI, CLOVE ROAD
BX,461 MORRIS PARK AVENUE
QN,36 AVENUE
BX, METROPOLITAN AVENUE
SI, SHERIDAN AVENUE
SI, PARKINSON AVENUE
SI, STRAWBERRY LANE
QN, TOTTEN STREET
QN, LAUREL HILL BLVD
MN,150 WEST 16 STREET
MN,610 WEST 48 STREET
SI, RAILROAD AVENUE
BX, MAJ WM DEEGAN BLVD
QN,109 AVENUE
MN, HILLSIDE AVENUE
SI, MOSEL AVENUE
BX, ROMBOUTS AVENUE
SI, WEST FINGERBOARD RD
QN,120 STREET
QN, ARCHWAY PLACE
QN, MILLS LANE
QN,144 STREET
BX,842 EAST 141 STREET
BX,EAST 183 STREET
BK, SMITH STREET
BK,48 SCHOLES STREET
SI, ELVERTON AVENUE
SI, DELMAR AVENUE
SI, MAZZA COURT
SI, SNEDEN AVENUE
QN, SENECA AVENUE
SI, JOHNSON AVENUE
QN, MIDTOWN TUN PLAZA
QN, MIDTOWN TUN PLAZA
QN,184-14 UNION TURNPIKE
QN,BEACH 42 STREET
QN,109-31 120 STREET
MN, AVENUE D
QN,140 AVENUE
QN,141 AVENUE
QN,219 STREET
SI, JEWETT AVENUE
SI, SEA GATE COURT
QN,39 AVENUE
QN, HORACE HARDING EXPWY
QN,130 STREET
SI, SOUTH RAILROAD AVE
SI, NORTH RAILROAD AVE
QN, NORTH CONDUIT AVENUE
SI,3839 RICHMOND AVENUE
QN,
SI,
SI, COLITA COURT
SI, LAMOKA AVENUE
QN, NORTH CONDUIT AVENUE
QN,23 AVENUE
SI, MARSH AVENUE
BX, CONNER STREET
QN,34-29 LAWRENCE STREET
QN,133-15 ROOSEVELT AVENUE
BX,EAST 150 STREET
QN, UNION STREET
BX,WEST 238 STREET
QN, SUTPHIN BOULEVARD
QN, AUSTIN STREET
SI, ALVINE AVENUE
QN,111 AVENUE
SI, RICHMOND ROAD
SI, WIRT LANE
SI, HYLAN BOULEVARD
SI, CASWELL LANE
BX, HARPER COURT
QN, ATLANTIC AVENUE
BX,2373 TIEBOUT AVENUE
QN,77 STREET
SI,85L FREEDOM AVENUE
SI, ANDROS AVENUE
SI, MERSEREAU AVENUE
QN,170 STREET
QN, LORETTA ROAD
QN,47 AVENUE
SI, ZOE STREET
QN,104 STREET
BX, VAN BUREN STREET
BX, EAST TREMONT AVENUE
BX,810 BRADY AVENUE
BX, PALISADE AVENUE
SI, VICTORY BOULEVARD
QN,BEACH 96 STREET
QN,175 STREET
SI, DE HART AVENUE
SI, BUEL AVENUE
QN,75 STREET
SI, EATON PLACE
BK,51 STREET
QN, OTTO ROAD
BX, NELSON AVENUE
QN, NORTH CONDUIT AVENUE
MN,WEST 39 STREET
QN,120 AVENUE
QN, LAWRENCE STREET
QN,118 ROAD
QN,99 ROAD
QN,260 STREET
SI, HILLCREST COURT
MN,230 CHERRY STREET
SI, VAN PELT AVENUE
BX,EAST 181 STREET
BX, CRUGER AVENUE
QN, EVELETH ROAD
BK, HERKIMER STREET
BK,4 AVENUE
QN,BEACH 63 STREET
BK,218 RIVER STREET
BK,60 STREET
BK,741 ELTON STREET
SI, RICHMOND VALLEY ROAD
QN,BEACH 87 STREET
BX, HUNTS POINT AVENUE
QN,51 AVENUE
QN,92 AVENUE
QN, FAR ROCKAWAY BLVD
QN,154-18 CROSS ISLAND PARKWAY
SI, MORNINGSTAR ROAD
QN, NASSAU BOULEVARD
QN, RAILROAD AVENUE
SI, DE HART AVENUE
SI, NEW DORP LANE
BX, HARLEM RIVER TERRACE
MN,WEST 35 STREET
BX, GRAND CONCOURSE
QN,267-08 UNION TURNPIKE
BX,EAST 172 STREET
QN,115 STREET
QN,56 STREET
BK, VAN SINDEREN AVENUE
QN, HILLSIDE AVENUE
BK,1751 WEST 1 STREET
QN,44 AVENUE
BK, AVENUE U
MN, BROADWAY
QN,159 AVENUE
QN, BROADWAY
BK, HEGEMAN AVENUE
SI, SAVO LANE
QN, NORTH CONDUIT AVENUE
QN, MIDDLEMAY PLACE
QN,161-44 84 AVENUE
SI,355 FOREST AVENUE
BK, EAST NEW YORK AVENUE
BK, BELMONT AVENUE
QN,BEACH 91 STREET
QN,3 AVENUE
SI, ESSEX DRIVE
SI, AVON LANE
BK,64 STREET
SI, MERSEREAU AVENUE
QN, ROCKAWAY BEACH BLVD
SI, ARTHUR KILL ROAD
SI, CLAUDIA COURT
QN, NORTHERN BOULEVARD
QN, VERNON BOULEVARD
SI, LAMOKA AVENUE
SI, MC KINLEY AVENUE
BK,1511 KINGS HIGHWAY
BK, HUDSON AVENUE
QN,41 AVENUE
QN,69 STREET
QN,43-05 BELL BOULEVARD
BK, NEPTUNE AVENUE
SI, GARRETSONS LANE
SI, BAY STREET
SI, SHARROTT AVENUE
QN,29 STREET
MN,122 PARK ROW
BK, OCEAN AVENUE
BX,3 AVENUE
SI, GIFFORDS LANE
QN,128 DRIVE
QN,31 STREET
QN,14 AVENUE
QN, MERRICK BOULEVARD
BK, AVENUE K
QN,224 STREET
SI, WILLOW AVENUE
BK, CENTRAL AVENUE
BK,EAST 94 STREET
SI, JOHN STREET
SI, ELLIS STREET
QN, SUNRISE HIGHWAY
QN,BEACH 25 STREET
QN,
SI, DREYER AVENUE
QN, MADISON STREET
QN,120 STREET
MN,214 AVENUE C
BK, POST COURT
BX,584 EAST 138 STREET
BK,49 GOLD STREET
QN, BEACH CHANNEL DRIVE
BK,5 AVENUE
QN,63 DRIVE
QN,47 AVENUE
BX, BALDWIN STREET
QN, BORDEN AVENUE
QN, NORTH CONDUIT AVENUE
SI, TRAVIS AVENUE
QN,
QN, EVERITT PLACE
SI, HANNAH STREET
BX, INDEPENDENCE AVENUE
SI, LORRAINE LOOP
BX, BRONX STREET
BX, WESTCHESTER AVENUE
BK,EAST 92 STREET
MN, MARGINAL STREET
BK,EAST 39 STREET
QN,26 AVENUE
QN,137-40 91 AVENUE
QN, SUTPHIN BOULEVARD
MN,108 EAST 19 STREET
QN,150 STREET
SI, NORTH RAILROAD AVE
QN,62 AVENUE
BX,954 EAST 134 STREET
QN, AUSTIN STREET
SI, ALTER AVENUE
SI, ILYSSA WAY
SI, TURNER STREET
QN,212 STREET
BK, FULTON STREET
BK, NEW UTRECHT AVENUE
QN, EDGEMERE AVENUE
BK, KINGS HIGHWAY
QN,94 STREET
SI, ELMWOOD PARK DRIVE
SI, WOLCOTT AVENUE
QN, FARMERS BOULEVARD
BK,382 SOUTH 3 STREET
SI, SIMONSON AVENUE
SI, FAIRLAWN AVENUE
SI, ZOE STREET
SI, BEDFORD AVENUE
QN,60 LANE
BX, BLACKSTONE AVENUE
QN,BEACH 88 STREET
QN,56 STREET
QN, POWER ROAD
QN,BEACH 98 STREET
SI, DEPPE PLACE
QN,616 WEST ROAD
SI, PRESENTATION CIRCLE
SI, JOLINE AVENUE
MN,77 MURRAY STREET
QN,30 AVENUE
SI, SUSANNA LANE
BK, LOUISIANA AVENUE
QN, NORTH CONDUIT AVENUE
SI, KUNATH AVENUE
SI, NORTH GANNON AVENUE
QN, JAVA PLACE
QN, SUNRISE HIGHWAY
QN, NORTH CONDUIT AVENUE
QN, BAISLEY BOULEVARD
QN, BAISLEY BOULEVARD
QN,BEACH 85 STREET
SI, NICHOLAS AVENUE
QN, UNION HALL STREET
QN, LEFFERTS BOULEVARD
BK, PROSPECT PLACE
QN,87-74 CHEVY CHASE STREET
QN,158 STREET
QN, LINDEN BOULEVARD
QN, MURDOCK AVENUE
QN,177 STREET
QN, GUY R BREWER BLVD
BK, LINDEN BOULEVARD
QN, NORTH CONDUIT AVENUE
QN, SUNRISE HIGHWAY
QN, SUNRISE HIGHWAY
QN, SUNRISE HIGHWAY
QN, BRINKERHOFF AVENUE
SI, BAY STREET
QN,44 AVENUE
BK, BROOKLYN AVENUE
QN, MONTAUK STREET
BK, OCEAN AVENUE
QN, BROOKVILLE BOULEVARD
QN, SOUTH CONDUIT AVENUE
QN, SOUTH CONDUIT AVENUE
QN, RAILROAD AVENUE
BK, AVENUE T
QN,212-06 NORTHERN BOULEVARD
SI, NICHOLAS AVENUE
SI,1165 RICHMOND TERRACE
BK, SNEDIKER AVENUE
QN, POWER ROAD
QN, JAVA PLACE
SI, LOCKMAN AVENUE
SI, MC KINLEY AVENUE
QN,BEACH 87 STREET
QN,BEACH 99 STREET
QN,197-14 MURDOCK AVENUE
MN,208 EAST 79 STREET
BK, FULTON STREET
QN, SPRINGFIELD BLVD
BX,3001 KINGSBRIDGE AVENUE
BK,865 LIVONIA AVENUE
QN,680 FAIRVIEW AVENUE
MN,380 CONVENT AVENUE
SI, FABER STREET
SI, IRVING PLACE
SI, HOUSMAN AVENUE
SI, SIMONSON AVENUE
SI, UNION AVENUE
QN,28 AVENUE
SI, BAY STREET
SI,160 WILCOX STREET
SI, BAY STREET
SI, HILLCREST TERRACE
SI, HYLAN BOULEVARD
QN,BEACH 98 STREET
QN,112 STREET
SI, MANILA PLACE
SI, RAILROAD AVENUE
SI,50 VAN RIPER STREET
SI, GUYON AVENUE
QN,73 AVENUE
SI,861 BAY STREET
SI, BREHAUT AVENUE
SI, BARNARD AVENUE
SI, NECKAR AVENUE
BK, LESTER COURT
BK, NOVA COURT
SI, KAY PLACE
SI, GREENFIELD AVENUE
SI, CHARLESTON AVENUE
QN,56 ROAD
SI,161 OLD TOWN ROAD
QN,29 STREET
QN,99 AVENUE
BK, VAN SINDEREN AVENUE
BK,18 AVENUE
MN,204 2 AVENUE
QN,133 AVENUE
QN, LINDEN BOULEVARD
SI, RAILROAD AVENUE
QN,21 STREET
SI, ANNADALE ROAD
BX, HARDING PARK
MN,3755 9 AVENUE
BX, WATSON AVENUE
BX, FENTON AVENUE
QN, POWELLS COVE BLVD
BK,358 TROY AVENUE
BK, PORTER AVENUE
SI,14 VICTORY BOULEVARD
BK, AVENUE X
QN, BORDEN AVENUE
QN,26 STREET
QN,21 STREET
QN, FRANCIS LEWIS BLVD
QN, SUNRISE HIGHWAY
QN,79 STREET
QN, LINDEN BOULEVARD
QN, NORTH CONDUIT AVENUE
QN,144-02 130 AVENUE
QN, GUY R BREWER BLVD
BX, SHERIDAN EXPRESSWAY
SI, LULU COURT
SI, SANDY LANE
MN,521 WEST 41 STREET
MN,151 EAST 97 STREET
MN,320 WEST 201 STREET
MN,7 AVENUE
QN, SOUTH CONDUIT AVENUE
BX, LANDING ROAD
BK, RALPH AVENUE
BK, FARRAGUT ROAD
QN, ARCHER AVENUE
QN, HAWTREE STREET
BX, ALLERTON AVENUE
BX, SHERIDAN EXPRESSWAY
BK,
QN,15 AVENUE
QN,99 AVENUE
QN, NORTH CONDUIT AVENUE
SI,94 STATE STREET
BK,2 AVENUE
BK,65 6 STREET
BK,8 AVENUE
BX,EAST 139 STREET
QN, SUTPHIN BOULEVARD
QN,BEACH 108 STREET
QN,25-40 BORDEN AVENUE
BX, MACOMBS DAM PARK
BX,4350 3 AVENUE
BX, LAFAYETTE AVENUE
BX, PARK AVENUE
SI, AMBOY ROAD
BK,EAST 87 STREET
QN, ATLANTIC AVENUE
QN, PITKIN AVENUE
BK, LINCOLN AVENUE
QN,80-18 ROCKAWAY BEACH BLVD
QN,BEACH 105 STREET
SI,24 ONTARIO AVENUE
SI, MINTHORNE STREET
QN,50 AVENUE
QN, BORAGE PLACE
BK,7 AVENUE
BK,1551 GATES AVENUE
BK, AVENUE X
QN,51 AVENUE
QN, ST FELIX AVENUE
SI, MOSEL AVENUE
QN,92 AVENUE
QN,149 AVENUE
BX,EAST 242 STREET
BK,EAST 100 STREET
BK, TURNBULL AVENUE
SI, HARBOR ROAD
BK,SOUTH 4 STREET
SI, SOUTH RAILROAD AVE
QN,19 STREET
QN, METROPOLITAN AVENUE
QN,2 STREET
QN,68 STREET
BK, LIVONIA AVENUE
BK,37 STREET
SI, MC KINLEY AVENUE
QN, ATLANTIC AVENUE
QN, ATLANTIC AVENUE
QN, ATLANTIC AVENUE
QN, ROCKAWAY BEACH BLVD
BK, MOFFAT STREET
SI, CLOVE ROAD
QN, WILLETS POINT BLVD
BK,BAY 16 STREET
QN,225 STREET
QN,135 DRIVE
QN,149 AVENUE
QN,91 AVENUE
QN, SUNRISE HIGHWAY
QN, SUNRISE HIGHWAY
QN,149 AVENUE
QN, LINDEN BOULEVARD
QN, LINDEN BOULEVARD
QN, SMITH STREET
QN,118 ROAD
QN,167 STREET
BK,10 AVENUE
BK,12 AVENUE
BK, CHURCH AVENUE
QN, MURRAY STREET
QN,131 AVENUE
QN,138 ROAD
QN, SPRINGFIELD BLVD
QN, NORTH CONDUIT AVENUE
QN, LAURELTON PARKWAY
QN,BEACH 89 STREET
QN,102 STREET
SI, RICHMOND TERRACE
QN, ROCKAWAY BEACH BLVD
QN,BEACH 69 STREET
SI, BURGHER AVENUE
QN, RAILROAD AVENUE
SI, NORTH RAILROAD AVE
SI, BOROUGH PLACE
SI, WATER STREET
SI, BAY STREET
SI, RICHMOND ROAD
SI, GROVE AVENUE
SI, JOHN STREET
SI,38 CALCAGNO COURT
SI, MORNINGSTAR ROAD
SI, WRIGHT AVENUE
SI, NORTH RAILROAD AVE
SI, DE HART AVENUE
SI, BUSH AVENUE
SI, BUSH AVENUE
SI, HARBOR ROAD
SI, HUSSON STREET
SI, RICHMOND AVENUE
SI, WEST FINGERBOARD RD
SI, GRASMERE AVENUE
SI, GRASMERE AVENUE
SI, OLD TOWN ROAD
SI, WEST FINGERBOARD RD
SI, NORTH RAILROAD AVE
SI, NORTH RAILROAD AVE
SI, NORTH RAILROAD AVE
SI, NEW DORP LANE
SI, NEW DORP LANE
SI, AMBOY ROAD
SI, NORTH RAILROAD AVE
QN, NORTH CONDUIT AVENUE
QN, NORTH CONDUIT AVENUE
QN, SUNRISE HIGHWAY
QN,39 AVENUE
QN,116 STREET
SI,425 WESTERN AVENUE
QN,61 DRIVE
MN,3764 9 AVENUE
QN,97 AVENUE
QN,37 STREET
MN,491 11 AVENUE
BK, LIBERTY AVENUE
QN,227-16 LINDEN BOULEVARD
QN,106 BEACH CHANNEL
SI, HEATHER COURT
SI, HYLAN BOULEVARD
BX, MELVILLE STREET
QN,101 STREET
SI, ARMSTRONG AVENUE
SI, ARMSTRONG AVENUE
SI, POSEN STREET
SI, BAYVIEW AVENUE
SI, AMBOY ROAD
SI, HUGUENOT AVENUE
BK,650 WILSON AVENUE
BK,EAST 8 STREET
MN, RIVERSIDE DRIVE
SI, MAIDEN LANE
QN, SUTPHIN BOULEVARD
BK, NEW UTRECHT AVENUE
SI,93 MACON AVENUE
SI, SOUTH RAILROAD ST
QN,107 STREET
QN,11 AVENUE
BX, BRUCKNER BOULEVARD
BX, HALPERIN AVENUE
SI, CLARION COURT
SI, BENTLEY STREET
MN,102 EAST 126 STREET
BX, LONGWOOD AVENUE
QN, SUNRISE HIGHWAY
QN, SUNRISE HIGHWAY
QN,76 AVENUE
SI, LAMOKA AVENUE
SI, GATON STREET
BK, NEWPORT STREET
QN, ATLANTIC AVENUE
SI, ARTHUR KILL ROAD
QN, BROADWAY
QN, METROPOLITAN AVENUE
BX,861 HUNTS POINT AVENUE
QN, STATION ROAD
BX, PARK AVENUE
QN,221 STREET
QN, BROADWAY
BK,423 STATE STREET
SI,5180 AMBOY ROAD
MN,126 WEST 53 STREET
SI, MAIDEN LANE
BK, BLAKE AVENUE
BX, SECOR AVENUE
QN, UNION HALL STREET
BK,9 AVENUE
BK,145 LORIMER STREET
SI, RICHMOND TERRACE
SI, DENISE COURT
QN, CYPRESS HILLS STREET
BK,EAST 18 STREET
BK,62 STREET
QN, NORTH CONDUIT AVENUE
BX, CROMWELL AVENUE
SI,
SI, DARLINGTON AVENUE
QN,222 STREET
QN,222 STREET
MN,341 EAST 39 STREET
BK,1238 63RD STREET
BX, PARK AVENUE
BK,19 BRIDGE STREET
QN,57 STREET
QN, ARCHER AVENUE
BK,76 AVENUE V
BK, ST MARKS AVENUE
QN, GRAND AVENUE
QN,112 STREET
SI, SPOONER STREET
QN, SUNRISE HIGHWAY
SI, GRANDVIEW AVENUE
SI, MARYLAND LANE
BK,4610 AVENUE N
QN, GUY R BREWER BLVD
QN,212 STREET
MN,WEST 117 STREET
BX,EAST 187 STREET
QN,135 AVENUE
SI, MORNINGSTAR ROAD
QN,87 AVENUE
BK, BOGART STREET
BK,416 64 STREET
BK, VAN SINDEREN AVENUE
BK, FLATLANDS AVENUE
SI, GARRETSON AVENUE
QN,88 STREET
SI, OSGOOD AVENUE
QN, ATLANTIC AVENUE
QN,24 STREET
BK,418 SOUTH 5 STREET
QN,47 AVENUE
BX,699A BRIDGE STREET
QN,44 AVENUE
QN, NORTHERN BOULEVARD
MN, FT WASHINGTON AVENUE
SI, FOREST AVENUE
BK, CARROLL STREET
QN,43 STREET
QN, LEFFERTS BOULEVARD
BK,6124 11 AVENUE
SI, BUSH AVENUE
QN,159 STREET
BK, COLONIAL ROAD
QN,21 STREET
QN,39 AVENUE
BK,121 MILFORD STREET
QN, ROCKAWAY BEACH BLVD
SI, ALTER AVENUE
BX,2060 LACOMBE AVENUE
BK, FOSTER AVENUE
SI, SPOONER STREET
QN, BAISLEY BOULEVARD
QN,50-18 98 STREET
QN, NORTH BOULEVARD
MN, HUDSON STREET
MN,1800 2 AVENUE
QN,59-96 57 STREET
BX, BELL AVENUE
QN, LIBERTY AVENUE
SI, NEW DORP LANE
SI, BAYVIEW AVENUE
QN,135 DRIVE
QN,20 STREET
SI, ELLIS STREET
BX,416 GRAND CONCOURSE
BK, ELTON STREET
BK, STEWART AVENUE
BK, ROCKAWAY PARKWAY
QN, GRAND CENTRL PARKWAY
BK, CORTELYOU ROAD
QN,141 AVENUE
BX,3993 LACONIA AVENUE
SI, EAGAN AVENUE
BK, DEAN STREET
BK,2 PLACE
QN,130 AVENUE
BX,275 EXTERIOR STREET
QN, ROCKAWAY BEACH BLVD
QN, VAN WYCK EXPRESSWAY
QN,74 STREET
BK, LINDEN BOULEVARD
QN,28 STREET
MN,313 WEST 133 STREET
QN,101 STREET
MN,570 1 AVENUE
BX, EASTCHESTER ROAD
QN, BAISLEY BOULEVARD
BK, IVAN COURT
MN, LEONARD STREET
BK, BUTLER STREET
SI, POSEN STREET
SI, WATER STREET
SI, ANNADALE ROAD
QN, BEACH CHANNEL DRIVE
QN, ROCKAWAY FREEWAY
BX, EAST TREMONT AVENUE
QN, QUEENS BOULEVARD
SI, HOUSMAN AVENUE
BK,9 STREET
BX, MACOMBS DAM PARK
SI, EATON PLACE
BK, ATLANTIC AVENUE
BX, PARK AVENUE
BK, ALBANY AVENUE
BK,105 RIVER STREET
BK,11 AVENUE
QN, CROSS BAY BOULEVARD
BK, SHELL ROAD
BK, PRESIDENT STREET
QN, AUSTIN STREET
QN,40-08 NORTHERN BOULEVARD
QN,176 STREET
MN, BROADWAY
MN,130 WEST END AVENUE
SI, BLOOMFIELD ROAD
QN,129 AVENUE
QN, NORTH CONDUIT BLVD
QN,69 PLACE
QN,95 STREET
QN,197 STREET
BK,WEST 29 STREET
QN, BROADWAY
BX, REEDS MILL LANE
QN,122 STREET
QN,135 AVENUE
QN,144 STREET
