Borough,Address,Total Building Floor Area,Number of Floors,Assessed Total Value,Year Built
MN,683 11 AVENUE,0,0,0,0
BX,WEST 205 STREET,0,0,0,0
QN,159 STREET,0,0,0,0
QN,129 AVENUE,0,0,0,0
MN,578 BROOME STREET,0,0,0,0
BK, KINGS HIGHWAY,0,0,0,0
QN,BEACH 102 STREET,0,0,0,0
SI, THOMPSON STREET,0,0,0,0
QN,117 STREET,0,0,0,0
BK, LOCUST AVENUE,0,0,0,0
BK,8 AVENUE,0,0,0,0
BK,8424 DITMAS AVENUE,0,0,0,0
QN, METROPOLITAN AVENUE,0,0,0,0
BX, LAFAYETTE AVENUE,0,0,0,0
QN,84 AVENUE,0,0,0,0
QN,147-12 147 AVENUE,0,0,0,0
MN,102 BROAD STREET,0,0,0,0
SI, GREENFIELD AVENUE,0,0,0,0
SI, CHELSEA ROAD,0,0,0,0
QN,78 AVENUE,0,0,0,0
SI, AMBOY ROAD,0,0,0,0
SI, EXETER STREET,0,0,0,0
SI, FOREST AVENUE,0,0,0,0
QN,53 AVENUE,0,0,0,0
QN, FARMERS BOULEVARD,0,0,0,0
BK,61 LITTLE STREET,0,0,0,0
BX,2501 HOLLERS AVENUE,0,0,0,0
SI,,0,0,0,0
BK,20 AVENUE,0,0,0,0
BX,EAST 233 STREET,0,0,0,0
MN, BROADWAY,0,0,0,0
SI, MERSEREAU AVENUE,0,0,0,0
BX,1950 STRANG AVENUE,0,0,0,0
BX, SOUTHERN BOULEVARD,0,0,0,0
QN, MERRICK BOULEVARD,0,0,0,0
QN, FRANCIS LEWIS BLVD,0,0,0,0
BX, PARK AVENUE,0,0,0,0
SI, SOUTH RAILROAD AVE,0,0,0,0
BK,1036 EAST 39 STREET,0,0,0,0
SI, NORTH RAILROAD AVE,0,0,0,0
MN,292 HUDSON STREET,0,0,0,0
MN,419 EAST 36 STREET,0,0,0,0
MN,WEST 39 STREET,0,0,0,0
QN, EDGEWOOD AVENUE,0,0,0,0
BX, MAJ WM DEEGAN BLVD,0,0,0,0
BK, GLENWOOD ROAD,0,0,0,0
BK, WELLINGTON COURT,0,0,0,0
SI, BLOOMFIELD ROAD,0,0,0,0
QN,87-27 130 STREET,0,0,0,0
SI, CANAL STREET,0,0,0,0
BK, AVENUE V,0,0,0,0
QN, LITTLE NECK BLVD,0,0,0,0
QN,86-83 DUNTON STREET,0,0,0,0
BK, SNEDIKER AVENUE,0,0,0,0
QN,45 AVENUE,0,0,0,0
SI, NEW LANE,0,0,0,0
BX,EAST 177 STREET,0,0,0,0
BK, RIVERDALE AVENUE,0,0,0,0
QN,48 STREET,0,0,0,0
QN, CALDWELL AVENUE,0,0,0,0
BX,EAST 174 STREET,0,0,0,0
BK,EAST 17 STREET,0,0,0,0
SI, AMBOY ROAD,0,0,0,0
BX,1700 MULFORD AVENUE,0,0,0,0
BX, ROCHAMBEAU AVENUE,0,0,0,0
QN,65 PLACE,0,0,0,0
SI, NORTH RAILROAD AVE,0,0,0,0
QN,94-05 QUEENS BOULEVARD,0,0,0,0
BK, ALBEMARLE ROAD,0,0,0,0
QN, GRAND CENTRL PARKWAY,0,0,0,0
BK,3 PLACE,0,0,0,0
BK, NEWPORT STREET,0,0,0,0
BX,2417 TRATMAN AVENUE,0,0,0,0
QN, JACKSON AVENUE,0,0,0,0
QN,76 AVENUE,0,0,0,0
BX, RIVER AVENUE,0,0,0,0
BX,4530 WHITE PLAINS ROAD,0,0,0,0
QN,99 AVENUE,0,0,0,0
MN,7 THOMAS STREET,0,0,0,0
BK, RALPH AVENUE,0,0,0,0
QN, LEFFERTS BOULEVARD,0,0,0,0
QN,71 STREET,0,0,0,0
QN, QUEENS BOULEVARD,0,0,0,0
BK,442 RODNEY STREET,0,0,0,0
SI, MORNINGSTAR ROAD,0,0,0,0
BX,EAST 136 STREET,0,0,0,0
BX,EAST 204 STREET,0,0,0,0
QN,135 DRIVE,0,0,0,0
QN,108-03 BEACH CHANNEL DRIVE,0,0,0,0
SI, SPRAGUE AVENUE,0,0,0,0
BK,NORTH 6 STREET,0,0,0,0
QN,BEACH 76 STREET,0,0,0,0
SI, LAMOKA AVENUE,0,0,0,0
QN,118 STREET,0,0,0,0
BK,54 STREET,0,0,0,0
QN,35 AVENUE,0,0,0,0
QN, ELIOT AVENUE,0,0,0,0
BX,EAST 133 STREET,0,0,0,0
BK,327 GREENPOINT AVENUE,0,0,0,0
SI, WILLOW AVENUE,0,0,0,0
QN, LIBERTY AVENUE,0,0,0,0
BK,1421 OCEAN AVENUE,0,0,0,0
BK, AVENUE I,0,0,0,0
SI, BAY STREET,0,0,0,0
SI, SPOONER STREET,0,0,0,0
BK,136 MARSHALL STREET,0,0,0,0
BX, BULLARD AVENUE,0,0,0,0
QN,131-30 MERRICK BOULEVARD,0,0,0,0
BX,EAST 132 STREET,0,0,0,0
QN, BRINKERHOFF AVENUE,0,0,0,0
BX,2845 WEST KINGSBRIDGE RD,0,0,0,0
BK, GLENWOOD ROAD,0,0,0,0
MN,WEST 34 STREET,0,0,0,0
QN,116 STREET,0,0,0,0
QN,61 STREET,0,0,0,0
QN,20 AVENUE,0,0,0,0
QN,48 STREET,0,0,0,0
BK,EAST 96 STREET,0,0,0,0
SI, HANNAH STREET,0,0,0,0
QN,111-12 143 STREET,0,0,0,0
QN,150 STREET,0,0,0,0
BK, AVENUE U,0,0,0,0
BX, WATERS AVENUE,0,0,0,0
BK, AVENUE J,0,0,0,0
BX, BOSTON ROAD,0,0,0,0
BK, AVENUE I,0,0,0,0
BK,13 AVENUE,0,0,0,0
BK, FLATBUSH AVENUE,0,0,0,0
BK, AVENUE S,0,0,0,0
QN, LINDEN BOULEVARD,0,0,0,0
QN, LORETTA ROAD,0,0,0,0
MN,WEST 34 STREET,0,0,0,0
MN,74 AVENUE A,0,0,0,0
BX,EAST 138 STREET,0,0,0,0
BX, MORRIS AVENUE,0,0,0,0
MN,WEST 155 STREET,0,0,0,0
BX,EAST 177 STREET,0,0,0,0
BK, PITKIN AVENUE,0,0,0,0
BK, WASHINGTON AVENUE,0,0,0,0
BK,EAST 19 STREET,0,0,0,0
BK,,0,0,0,0
BK,EAST 37 STREET,0,0,0,0
BK,EAST 24 STREET,0,0,0,0
QN,47 STREET,0,0,0,0
BK, RALPH AVENUE,0,0,0,0
QN,108 STREET,0,0,0,0
QN, LITTLE NECK PARKWAY,0,0,0,0
QN, QUEENS BOULEVARD,0,0,0,0
QN,57-06 ROOSEVELT AVENUE,0,0,0,0
QN,141 AVENUE,0,0,0,0
QN, FARMERS BOULEVARD,0,0,0,0
SI, LIBERTY AVENUE,0,0,0,0
SI, NORTH RAILROAD AVE,0,0,0,0
BX,281 EXTERIOR STREET,0,0,0,0
QN,146 STREET,0,0,0,0
BX,,0,0,0,0
BK,8 AVENUE,0,0,0,0
BX,3425 DE REIMER AVENUE,0,0,0,0
QN,115-11 LEFFERTS BOULEVARD,0,0,0,0
QN,93 AVENUE,0,0,0,0
QN,121 STREET,0,0,0,0
QN, SPRINGFIELD BLVD,0,0,0,0
QN,133 AVENUE,0,0,0,0
MN,EAST 110 STREET,0,0,0,0
BK,466 SUTTER AVENUE,0,0,0,0
BK,EAST 10 STREET,0,0,0,0
BK,EAST 9 STREET,0,0,0,0
BK,EAST 13 STREET,0,0,0,0
QN, ALDERTON STREET,0,0,0,0
QN,163 STREET,0,0,0,0
QN, GUY R BREWER BLVD,0,0,0,0
SI, SEAVIEW AVENUE,0,0,0,0
QN, SAWYER AVENUE,0,0,0,0
QN, NORTH CONDUIT AVENUE,0,0,0,0
BK,5400 1 AVENUE,0,0,0,0
SI, POSEN STREET,0,0,0,0
QN, HAWTREE STREET,0,0,0,0
BX,2503 BRUCKNER BOULEVARD,0,0,0,0
QN, WOODWARD AVENUE,0,0,0,0
SI, MEREDITH AVENUE,0,0,0,0
QN,224 STREET,0,0,0,0
BX, WATERS PLACE,0,0,0,0
QN, NORTH CONDUIT AVENUE,0,0,0,0
SI, SOUTH RAILROAD AVE,0,0,0,0
BK,7101 16 AVENUE,0,0,0,0
BK, AVENUE T,0,0,0,0
BK, MILLER AVENUE,0,0,0,0
QN,39 AVENUE,0,0,0,0
QN,31 AVENUE,0,0,0,0
SI,23 WATER STREET,0,0,0,0
BK,1031 EAST 98 STREET,0,0,0,0
SI, UNION AVENUE,0,0,0,0
SI, UNION AVENUE,0,0,0,0
QN,230 STREET,0,0,0,0
SI, NORTH RAILROAD AVE,0,0,0,0
BX,1077 LONGWOOD AVENUE,0,0,0,0
QN,240 STREET,0,0,0,0
BX,1425 ST RAYMOND AVENUE,0,0,0,0
QN, FRESH POND ROAD,0,0,0,0
SI, LAMOKA AVENUE,0,0,0,0
SI, HARBOR ROAD,0,0,0,0
BX, DEYO STREET,0,0,0,0
SI, NORTH RAILROAD AVE,0,0,0,0
MN,469 9 AVENUE,0,0,0,0
BK,EAST 94 STREET,0,0,0,0
BK,EAST 29 STREET,0,0,0,0
BK, AVENUE L,0,0,0,0
BX, WEST TREMONT AVENUE,0,0,0,0
SI, ELLIS STREET,0,0,0,0
SI,6365 AMBOY ROAD,0,0,0,0
QN,170 STREET,0,0,0,0
BK,22 STREET,0,0,0,0
QN,125 STREET,0,0,0,0
SI, BUEL AVENUE,0,0,0,0
QN,165 STREET,0,0,0,0
QN,82 DRIVE,0,0,0,0
BK,9 AVENUE,0,0,0,0
QN,149 AVENUE,0,0,0,0
QN,227 STREET,0,0,0,0
QN,219 STREET,0,0,0,0
BK,3 AVENUE,0,0,0,0
QN, SUNRISE HIGHWAY,0,0,0,0
BK, FARRAGUT ROAD,0,0,0,0
BK,7713 3 AVENUE,0,0,0,0
QN,76 ROAD,0,0,0,0
BK,6 AVENUE,0,0,0,0
BX,EAST 161 STREET,0,0,0,0
QN, NORTH CONDUIT AVENUE,0,0,0,0
BK,1110 ATLANTIC AVENUE,0,0,0,0
BX,WEST 192 STREET,0,0,0,0
QN,114 STREET,0,0,0,0
BK,37 STREET,0,0,0,0
MN,413 WEST 39 STREET,0,0,0,0
MN,409 WEST 37 STREET,0,0,0,0
MN,WEST 118 STREET,0,0,0,0
MN,4 PENN PLAZA,0,0,0,0
SI, AMBOY ROAD,0,0,0,0
BK, BUSHWICK AVENUE,0,0,0,0
QN,67 STREET,0,0,0,0
SI, GREENLEAF AVENUE,0,0,0,0
BK,3002 AVENUE Z,0,0,0,0
MN,144 WEST 113 STREET,0,0,0,0
MN,14 WEST 31 STREET,0,0,0,0
BX,EAST 141 STREET,0,0,0,0
BK,313 SUMPTER STREET,0,0,0,0
BK, FORBELL STREET,0,0,0,0
QN,121 STREET,0,0,0,0
BK,8 AVENUE,0,0,0,0
QN, SOUTH CONDUIT AVENUE,0,0,0,0
BK,2304 MERMAID AVENUE,0,0,0,0
BK,88 SUMPTER STREET,0,0,0,0
BK, ROCKAWAY PARKWAY,0,0,0,0
BX, JEROME AVENUE,0,0,0,0
SI, BLOOMINGDALE ROAD,0,0,0,0
QN, PITKIN AVENUE,0,0,0,0
BK, BOERUM STREET,0,0,0,0
BX,380 EAST 159 STREET,0,0,0,0
BX, PELHAM PARKWAY,0,0,0,0
BK, VAN SINDEREN AVENUE,0,0,0,0
SI, HYLAN BOULEVARD,0,0,0,0
BX,,0,0,0,0
SI, RARITAN AVENUE,0,0,0,0
QN, MERRICK BOULEVARD,0,0,0,0
MN,525 EAST 75 STREET,0,0,0,0
SI, CRABTREE AVENUE,0,0,0,0
MN,62 LENOX AVENUE,0,0,0,0
QN,24-30 95 STREET,0,0,0,0
QN,94 STREET,0,0,0,0
BK,4 AVENUE,0,0,0,0
QN,70 AVENUE,0,0,0,0
BK,1096 PACIFIC STREET,0,0,0,0
BK, HULL STREET,0,0,0,0
QN,39 STREET,0,0,0,0
BX,495 BROOK AVENUE,0,0,0,0
BK,1914 WEST 7 STREET,0,0,0,0
BX,EAST 153 STREET,0,0,0,0
BX,EAST 132 STREET,0,0,0,0
QN,BEACH 67 STREET,0,0,0,0
BK, STEWART AVENUE,0,0,0,0
BK,113A SCOTT AVENUE,0,0,0,0
BK, BERGEN STREET,0,0,0,0
BK,359 HOOPER STREET,0,0,0,0
BK,398 SOUTH 4 STREET,0,0,0,0
QN, GOODWOOD ROAD,0,0,0,0
QN, JUNCTION BOULEVARD,0,0,0,0
QN,90 AVENUE,0,0,0,0
MN,811 10 AVENUE,0,0,0,0
QN, BEACH CHANNEL DRIVE,0,0,0,0
SI, SPOONER STREET,0,0,0,0
BX, PARK AVENUE,0,0,0,0
BX, PALISADE AVENUE,0,0,0,0
BX,EAST 179 STREET,0,0,0,0
SI, NICHOLAS AVENUE,0,0,0,0
BX, VYSE AVENUE,0,0,0,0
SI, LINDENWOOD ROAD,0,0,0,0
QN, FARMERS BOULEVARD,0,0,0,0
BK,EAST 15 STREET,0,0,0,0
BK,1511 AVENUE X,0,0,0,0
BK,EAST 26 STREET,0,0,0,0
QN,22-25 129 STREET,0,0,0,0
QN,BEACH 108 STREET,0,0,0,0
BX, BEDFORD PARK BLVD,0,0,0,0
QN, LINDEN BOULEVARD,0,0,0,0
BK,41 STREET,0,0,0,0
QN,135 DRIVE,0,0,0,0
BX,181 WEST 231 STREET,0,0,0,0
BX,WEST 236 STREET,0,0,0,0
BX, WATERSTONE DRIVE,0,0,0,0
BX,EAST 236 STREET,0,0,0,0
MN, SECOND AVENUE,0,0,0,0
BX,1886 GILDERSLEEVE AVENUE,0,0,0,0
QN, CYPRESS AVENUE,0,0,0,0
QN,139 STREET,0,0,0,0
QN,43-82 VERNON BOULEVARD,0,0,0,0
QN, METROPOLITAN AVENUE,0,0,0,0
SI, FERGUSON COURT,0,0,0,0
SI, BOYD STREET,0,0,0,0
SI, MOSEL AVENUE,0,0,0,0
QN,48 AVENUE,0,0,0,0
SI, WOLCOTT AVENUE,0,0,0,0
BK, LIBERTY AVENUE,0,0,0,0
QN,116 STREET,0,0,0,0
BK, GRANITE STREET,0,0,0,0
SI, MELISSA STREET,0,0,0,0
SI, PRESENTATION CIRCLE,0,0,0,0
BX, LEGGETT AVENUE,0,0,0,0
SI, BRANDIS LANE,0,0,0,0
QN,36 STREET,0,0,0,0
QN,32 AVENUE,0,0,0,0
BX, ST ANNS AVENUE,0,0,0,0
QN,132-02 SPRINGFIELD BLVD,0,0,0,0
QN,93 AVENUE,0,0,0,0
QN,BEACH 98 STREET,0,0,0,0
QN,41 AVENUE,0,0,0,0
QN,146 STREET,0,0,0,0
SI, MC KINLEY AVENUE,0,0,0,0
QN,26 STREET,0,0,0,0
BX, EAST GUN HILL ROAD,0,0,0,0
BX, BRUCKNER BOULEVARD,0,0,0,0
SI, OSGOOD AVENUE,0,0,0,0
QN,214 STREET,0,0,0,0
BX,EAST 144 STREET,0,0,0,0
QN, GIPSON STREET,0,0,0,0
QN, MADISON STREET,0,0,0,0
SI, HYLAN BOULEVARD,0,0,0,0
QN,58 AVENUE,0,0,0,0
QN,139 AVENUE,0,0,0,0
QN,BEACH 41 STREET,0,0,0,0
BX, ST ANNS AVENUE,0,0,0,0
BX, BRUCKNER BOULEVARD,0,0,0,0
QN,129 AVENUE,0,0,0,0
QN,BEACH 98 STREET,0,0,0,0
QN,18 AVENUE,0,0,0,0
QN,128 DRIVE,0,0,0,0
SI, MC KINLEY AVENUE,0,0,0,0
MN, AVENUE D,0,0,0,0
QN, GRAND AVENUE,0,0,0,0
QN,51 AVENUE,0,0,0,0
QN, LINDEN BOULEVARD,0,0,0,0
SI,121 COLFAX AVENUE,0,0,0,0
QN,19 AVENUE,0,0,0,0
BK, SHORE PARKWAY,0,0,0,0
SI, CEDAR STREET,0,0,0,0
SI, GUINEVERE LANE,0,0,0,0
SI, MOSEL AVENUE,0,0,0,0
BK,1 HUDSON AVENUE,0,0,0,0
QN,116 STREET,0,0,0,0
SI,248 EGBERT AVENUE,0,0,0,0
BK, TROY AVENUE,0,0,0,0
SI,97 MACON AVENUE,0,0,0,0
QN, MYRTLE AVENUE,0,0,0,0
SI, BENTLEY STREET,0,0,0,0
QN,BEACH 92 STREET,0,0,0,0
BK, DE KALB AVENUE,0,0,0,0
QN,180 STREET,0,0,0,0
QN,,0,0,0,0
BK, EASTERN PARKWAY,0,0,0,0
QN,10 AVENUE,0,0,0,0
QN, FLUSHING AVENUE,0,0,0,0
MN,43 DOMINICK STREET,0,0,0,0
SI, MANSION AVENUE,0,0,0,0
SI, WILSON AVENUE,0,0,0,0
QN, ELIOT AVENUE,0,0,0,0
QN, BELL BOULEVARD,0,0,0,0
SI, WEST FINGERBOARD RD,0,0,0,0
SI, SPRAGUE AVENUE,0,0,0,0
QN, WOODWARD AVENUE,0,0,0,0
BK,16 AVENUE,0,0,0,0
QN, SMITH STREET,0,0,0,0
QN,135 AVENUE,0,0,0,0
QN,149 STREET,0,0,0,0
QN,41 AVENUE,0,0,0,0
BX,EAST 161 STREET,0,0,0,0
QN, NORTHERN BOULEVARD,0,0,0,0
QN, WOODHAVEN BOULEVARD,0,0,0,0
QN,219 STREET,0,0,0,0
MN,WEST 33 STREET,0,0,0,0
BK, CENTRAL AVENUE,0,0,0,0
BK, MOTHER GASTON BLVD,0,0,0,0
QN,129 STREET,0,0,0,0
QN,3 AVENUE,0,0,0,0
SI, HARBOR ROAD,0,0,0,0
QN, UTOPIA PARKWAY,0,0,0,0
BK, FLATBUSH AVENUE,0,0,0,0
BX, DEPOT PLACE,0,0,0,0
QN,69 ROAD,0,0,0,0
SI, WINANT STREET,0,0,0,0
QN, LIBERTY AVENUE,0,0,0,0
SI, MORNINGSTAR ROAD,0,0,0,0
QN,87-17 120 STREET,0,0,0,0
QN,BEACH 91 STREET,0,0,0,0
QN, ATLANTIC AVENUE,0,0,0,0
MN,,0,0,0,0
BX,EAST 140 STREET,0,0,0,0
SI, FLORENCE PLACE,0,0,0,0
SI, GOETHALS ROAD NORTH,0,0,0,0
SI, SANDS STREET,0,0,0,0
BK,64 STREET,0,0,0,0
QN,56 STREET,0,0,0,0
QN, SUNRISE HIGHWAY,0,0,0,0
SI, KELL AVENUE,0,0,0,0
QN,108 AVENUE,0,0,0,0
BK,492 KENT AVENUE,0,0,0,0
QN,62 DRIVE,0,0,0,0
QN,63 AVENUE,0,0,0,0
QN,BEACH 84 STREET,0,0,0,0
BK, MC KIBBIN STREET,0,0,0,0
BX, LONGFELLOW AVENUE,0,0,0,0
QN, YELLOWSTONE BLVD,0,0,0,0
QN,108 DRIVE,0,0,0,0
QN, AUSTIN STREET,0,0,0,0
QN, SUNRISE HIGHWAY,0,0,0,0
QN,39 AVENUE,0,0,0,0
BX, DEPOT PLACE,0,0,0,0
MN,392 7 AVENUE,0,0,0,0
BK,5 AVENUE,0,0,0,0
BX,67 WEST 176 STREET,0,0,0,0
MN,281 11 AVENUE,0,0,0,0
SI, MARSH AVENUE,0,0,0,0
BK,827 NEPTUNE AVENUE,0,0,0,0
SI, CEDARVIEW AVENUE,0,0,0,0
QN, NORTH CONDUIT AVENUE,0,0,0,0
QN, CORNAGA AVENUE,0,0,0,0
BX,115 WEST 233 STREET,0,0,0,0
BK,1020 ATLANTIC AVENUE,0,0,0,0
QN, RAILROAD AVENUE,0,0,0,0
BK,108 WOODRUFF AVENUE,0,0,0,0
BK,90 CROOKE AVENUE,0,0,0,0
QN,100-09 ATLANTIC AVENUE,0,0,0,0
SI,3813 VICTORY BOULEVARD,0,0,0,0
BK,112 YORK STREET,0,0,0,0
SI,28 GIFFORDS LANE,0,0,0,0
QN, LAWRENCE STREET,0,0,0,0
QN, SAGAMORE AVENUE,0,0,0,0
SI,751 MILL ROAD,0,0,0,0
QN,65 STREET,0,0,0,0
QN, LINDEN BOULEVARD,0,0,0,0
BK, ROCKAWAY PARKWAY,0,0,0,0
SI, LINCOLN AVENUE,0,0,0,0
SI, LINCOLN AVENUE,0,0,0,0
SI, TOMPKINS AVENUE,0,0,0,0
BK, WASHINGTON AVENUE,0,0,0,0
QN, WOODSIDE AVENUE,0,0,0,0
QN,120 AVENUE,0,0,0,0
BX, BULLARD AVENUE,0,0,0,0
SI, PROSPECT STREET,0,0,0,0
QN, LINDEN BOULEVARD,0,0,0,0
QN, BROADWAY,0,0,0,0
QN, ATLANTIC AVENUE,0,0,0,0
QN, GUY R BREWER BLVD,0,0,0,0
MN, HILLSIDE AVENUE,0,0,0,0
BK, CARLTON AVENUE,0,0,0,0
QN,123-04 SUTPHIN BOULEVARD,0,0,0,0
QN, SUNRISE HIGHWAY,0,0,0,0
QN,,0,0,0,0
BK,2940 ATLANTIC AVENUE,0,0,0,0
QN, NORTHERN BOULEVARD,0,0,0,0
BK,5 AVENUE,0,0,0,0
BK,825 WILLOUGHBY AVENUE,0,0,0,0
QN, INGRAM STREET,0,0,0,0
QN,150 STREET,0,0,0,0
BX, PARK AVENUE,0,0,0,0
QN,175 STREET,0,0,0,0
BX, BALDWIN STREET,0,0,0,0
QN, NORTH CONDUIT AVENUE,0,0,0,0
BK,135 MARSHALL STREET,0,0,0,0
BK,212 HIGH STREET,0,0,0,0
SI, MCDIVITT AVENUE,0,0,0,0
SI, MONTREAL AVENUE,0,0,0,0
BX, RIVER AVENUE,0,0,0,0
BX,2401 ELY AVENUE,0,0,0,0
BX, MICKLE AVENUE,0,0,0,0
QN,178 STREET,0,0,0,0
SI, GIL COURT,0,0,0,0
QN,85-34 118 STREET,0,0,0,0
BK, ST JOHNS PLACE,0,0,0,0
BK, DE KOVEN COURT,0,0,0,0
BX, MORRIS AVENUE,0,0,0,0
BK,WEST 35 STREET,0,0,0,0
QN, SOUTH CONDUIT AVENUE,0,0,0,0
BK, MARION STREET,0,0,0,0
BK, STEWART STREET,0,0,0,0
QN,213 BEACH 43 STREET,0,0,0,0
BK,290 BELMONT AVENUE,0,0,0,0
QN,59-37 FRESH MEADOW LANE,0,0,0,0
BX, JEROME AVENUE,0,0,0,0
SI, ELLIS STREET,0,0,0,0
QN,145-75 226 STREET,0,0,0,0
BK, DE KOVEN COURT,0,0,0,0
BK, ROCKAWAY AVENUE,0,0,0,0
BX, WESTCHESTER AVENUE,0,0,0,0
BK, SENECA AVENUE,0,0,0,0
BK,9 AVENUE,0,0,0,0
QN, NORTH CONDUIT AVENUE,0,0,0,0
BK,15 AVENUE,0,0,0,0
QN,116-01 135 STREET,0,0,0,0
QN, HAWTREE STREET,0,0,0,0
QN, NORTH CONDUIT AVENUE,0,0,0,0
SI, JOHN STREET,0,0,0,0
SI, WINANT STREET,0,0,0,0
BX, MAJ WM DEEGAN BLVD,0,0,0,0
QN,108 AVENUE,0,0,0,0
BX,EAST 140 STREET,0,0,0,0
BK,EAST 27 STREET,0,0,0,0
BK,8 AVENUE,0,0,0,0
QN, STATION ROAD,0,0,0,0
QN,33 STREET,0,0,0,0
QN,84-76 127 STREET,0,0,0,0
SI, WINHAM AVENUE,0,0,0,0
QN, JACKSON AVENUE,0,0,0,0
QN,130 AVENUE,0,0,0,0
BK, HYMEN COURT,0,0,0,0
BK,12 AVENUE,0,0,0,0
BK,EAST 91 STREET,0,0,0,0
MN,WEST 36 STREET,0,0,0,0
BK, RIVERDALE AVENUE,0,0,0,0
QN,51 AVENUE,0,0,0,0
BK, SNEDIKER AVENUE,0,0,0,0
BK, SNEDIKER AVENUE,0,0,0,0
BK,16 AVENUE,0,0,0,0
SI, STAFFORD AVENUE,0,0,0,0
BK, BLAKE AVENUE,0,0,0,0
BK,9 AVENUE,0,0,0,0
QN, ATLANTIC AVENUE,0,0,0,0
MN,450 LEXINGTON AVENUE,0,0,0,0
BK,EAST 28 STREET,0,0,0,0
BK, LINDEN BOULEVARD,0,0,0,0
BK,4101 14 AVENUE,0,0,0,0
BK, DITMAS AVENUE,0,0,0,0
QN, RUST STREET,0,0,0,0
BK, AVENUE Z,0,0,0,0
BK, NEWPORT STREET,0,0,0,0
SI, VICTORY BOULEVARD,0,0,0,0
QN, GRAND AVENUE,0,0,0,0
BK,7 AVENUE,0,0,0,0
QN, ATLANTIC AVENUE,0,0,0,0
QN, NORTH BOULEVARD,0,0,0,0
QN,,0,0,0,0
QN,49 STREET,0,0,0,0
QN,44 AVENUE,0,0,0,0
SI, OXFORD PLACE,0,0,0,0
SI,25 BAY STREET,0,0,0,0
BK,EAST 40 STREET,0,0,0,0
QN, TERRACE COURT,0,0,0,0
QN,65 PLACE,0,0,0,0
QN, PRINCE STREET,0,0,0,0
SI, PRESENTATION CIRCLE,0,0,0,0
SI, MERSEREAU AVENUE,0,0,0,0
BX,2500 ELLIS AVENUE,0,0,0,0
SI, WEST FINGERBOARD RD,0,0,0,0
BK,EAST 98 STREET,0,0,0,0
BK,1101 AVENUE R,0,0,0,0
SI, RICHMOND ROAD,0,0,0,0
QN, SOUTH ROAD,0,0,0,0
SI, NORTH RAILROAD AVE,0,0,0,0
QN,43 STREET,0,0,0,0
BK, KEEN COURT,0,0,0,0
SI, BRAD LANE,0,0,0,0
QN,30 STREET,0,0,0,0
BK,5300 1 AVENUE,0,0,0,0
QN,25 STREET,0,0,0,0
BK,5 AVENUE,0,0,0,0
QN,116-20 208 STREET,0,0,0,0
SI, AMBOY ROAD,0,0,0,0
BK, UTICA AVENUE,0,0,0,0
QN,28 STREET,0,0,0,0
SI, LINCOLN AVENUE,0,0,0,0
SI, ARMSTRONG AVENUE,0,0,0,0
BX,1613 BRUCKNER BOULEVARD,0,0,0,0
BK,37 GOLD STREET,0,0,0,0
BX, SHERIDAN AVENUE,0,0,0,0
SI, ATLANTIC AVENUE,0,0,0,0
QN,34 AVENUE,0,0,0,0
QN, SOUTH CONDUIT AVENUE,0,0,0,0
QN, SOUTH CONDUIT AVENUE,0,0,0,0
SI, ATLANTIC AVENUE,0,0,0,0
SI, MC KINLEY AVENUE,0,0,0,0
QN, ATLANTIC AVENUE,0,0,0,0
QN,79 PLACE,0,0,0,0
MN,WEST 143 STREET,0,0,0,0
MN, HARLEM RIVER DRIVE,0,0,0,0
BK,2105 EAST 71 STREET,0,0,0,0
BK,923 REMSEN AVENUE,0,0,0,0
QN,BEACH 80 STREET,0,0,0,0
SI,465 JEWETT AVENUE,0,0,0,0
QN, NORTH BOULEVARD,0,0,0,0
QN,219-41 REAR 67 AVENUE,0,0,0,0
SI, WOODROW ROAD,0,0,0,0
SI, ANNADALE ROAD,0,0,0,0
QN, THORNTON PLACE,0,0,0,0
QN, BOKER COURT,0,0,0,0
QN,170 STREET,0,0,0,0
SI, BAY STREET,0,0,0,0
QN, JAMAICA AVENUE,0,0,0,0
QN,22-11 39 AVENUE,0,0,0,0
SI, SONIA COURT,0,0,0,0
QN,69 LANE,0,0,0,0
BX, PAUL AVENUE,0,0,0,0
BK,EAST 15 STREET,0,0,0,0
QN, UNION TURNPIKE,0,0,0,0
SI,143 WATERBURY AVENUE,0,0,0,0
BX,EAST 180 STREET,0,0,0,0
BX, WEBSTER AVENUE,0,0,0,0
QN,27 STREET,0,0,0,0
QN,70-32 48 AVENUE,0,0,0,0
QN, OCEAN AVENUE,0,0,0,0
QN, ROCKAWAY BEACH BLVD,0,0,0,0
SI, AMBOY ROAD,0,0,0,0
BK, FARRAGUT ROAD,0,0,0,0
BK, CROWN STREET,0,0,0,0
QN,BEACH 39 STREET,0,0,0,0
BK,EAST 100 STREET,0,0,0,0
SI, CHRISSY COURT,0,0,0,0
MN,WEST 34 STREET,0,0,0,0
QN,BEACH 100 STREET,0,0,0,0
SI, WIRT AVENUE,0,0,0,0
BK,EAST 98 STREET,0,0,0,0
QN, MYRTLE AVENUE,0,0,0,0
BK,56 STREET,0,0,0,0
QN,32 AVENUE,0,0,0,0
QN,34 AVENUE,0,0,0,0
BK, VAN SINDEREN AVENUE,0,0,0,0
QN, WEST DRIVE,0,0,0,0
SI, ARTHUR KILL ROAD,0,0,0,0
MN,206 WEST 36 STREET,0,0,0,0
QN, DOUGLASTON PARKWAY,0,0,0,0
BK, FRANKLIN AVENUE,0,0,0,0
QN, BARTON AVENUE,0,0,0,0
BX,EAST 149 STREET,0,0,0,0
QN, ATLANTIC AVENUE,0,0,0,0
QN, ROCKAWAY BEACH BLVD,0,0,0,0
SI,100 CHELSEA ROAD,0,0,0,0
SI,153 SEAVIEW AVENUE,0,0,0,0
BX, BRONX RIVER AVENUE,0,0,0,0
BK, SCHERMERHORN STREET,0,0,0,0
QN,39 AVENUE,0,0,0,0
BK, FARRAGUT ROAD,0,0,0,0
BK,1178 GREENE AVENUE,0,0,0,0
BK, AVENUE D,0,0,0,0
BX,WEST 258 STREET,0,0,0,0
QN,147 STREET,0,0,0,0
SI, LINDA LANE,0,0,0,0
BX, WATERS PLACE,0,0,0,0
BX, SAMPSON AVENUE,0,0,0,0
BK, VAN SINDEREN AVENUE,0,0,0,0
BX, WALES AVENUE,0,0,0,0
MN,12 AVENUE,0,0,0,0
BX,WEST 258 STREET,0,0,0,0
BX, MC ALPIN AVENUE,0,0,0,0
BK, VAN SINDEREN AVENUE,0,0,0,0
SI, PERONA LANE,0,0,0,0
SI, BARLOW AVENUE,0,0,0,0
QN, VERNON BOULEVARD,0,0,0,0
BK,323 3 AVENUE,0,0,0,0
BX, BRONXDALE AVENUE,0,0,0,0
SI, ELLIS STREET,0,0,0,0
QN,76 ROAD,0,0,0,0
QN, POINT CRESCENT,0,0,0,0
QN,159 STREET,0,0,0,0
QN,97 PLACE,0,0,0,0
SI, ROOSEVELT COURT,0,0,0,0
SI, MAYBERRY PROMENADE,0,0,0,0
BX,285 EAST 169 STREET,0,0,0,0
QN, CROSS BAY BOULEVARD,0,0,0,0
QN,BEACH 72 STREET,0,0,0,0
SI, ARCADIA PLACE,0,0,0,0
SI, CODY PLACE,0,0,0,0
MN,416 LEXINGTON AVENUE,0,0,0,0
SI,349 ARBUTUS AVENUE,0,0,0,0
MN,215A EAST 80 STREET,0,0,0,0
BK,65 WILLOUGHBY STREET,0,0,0,0
BK,169 LIVONIA AVENUE,0,0,0,0
SI, MOSEL AVENUE,0,0,0,0
SI, ROCCO COURT,0,0,0,0
QN, MARINETTE STREET,0,0,0,0
BK, PITKIN AVENUE,0,0,0,0
MN,WEST 49 STREET,0,0,0,0
QN, ASTORIA BLVD SOUTH,0,0,0,0
BX, HOE AVENUE,0,0,0,0
QN, MADISON STREET,0,0,0,0
QN,151-01 79 STREET,0,0,0,0
BX, HORNADAY PLACE,0,0,0,0
SI, CHRISTINE COURT,0,0,0,0
QN, POWELLS COVE BLVD,0,0,0,0
BK, DARE COURT,0,0,0,0
QN,43 STREET,0,0,0,0
SI, GRANITE AVENUE,0,0,0,0
SI, MOSEL AVENUE,0,0,0,0
MN,WEST 117 STREET,0,0,0,0
BK,14 AVENUE,0,0,0,0
BX,1995 HUGHES AVENUE,0,0,0,0
BK, AVENUE S,0,0,0,0
SI, BENTLEY LANE,0,0,0,0
BX, HARDING PARK,0,0,0,0
QN,BEACH 68 STREET,0,0,0,0
QN, ARCHWAY PLACE,0,0,0,0
QN,69 PLACE,0,0,0,0
BX, PARK AVENUE,0,0,0,0
BK, LAMA COURT,0,0,0,0
BX,774 EAST 178 STREET,0,0,0,0
SI, BELAIR ROAD,0,0,0,0
SI, MOSEL AVENUE,0,0,0,0
QN, UNION TURNPIKE,0,0,0,0
SI, MOSEL AVENUE,0,0,0,0
BX, BRADLEY STREET,0,0,0,0
BX,WEST 246 STREET,0,0,0,0
QN,225 STREET,0,0,0,0
SI, LYCEUM COURT,0,0,0,0
QN, ASTORIA BLVD NORTH,0,0,0,0
BK, EVERGREEN AVENUE,0,0,0,0
SI,68 DALEMERE ROAD,0,0,0,0
QN, BEACH CHANNEL DRIVE,0,0,0,0
BX, GERARD AVENUE,0,0,0,0
QN,75 STREET,0,0,0,0
SI, AMBOY ROAD,0,0,0,0
SI,470 WILSON AVENUE,0,0,0,0
QN,153 STREET,0,0,0,0
QN,49 AVENUE,0,0,0,0
QN,176 STREET,0,0,0,0
SI, MOSEL AVENUE,0,0,0,0
QN, SOUTH CONDUIT AVENUE,0,0,0,0
BK,94 STREET,0,0,0,0
SI, ILYSSA WAY,0,0,0,0
SI, PHYLLIS COURT,0,0,0,0
BK,2134 MILL AVENUE,0,0,0,0
MN, WEST BROADWAY,0,0,0,0
QN,102 STREET,0,0,0,0
BK, EAST NEW YORK AVENUE,0,0,0,0
MN,EAST 46 STREET,0,0,0,0
BX, BIRCHALL AVENUE,0,0,0,0
QN,141 AVENUE,0,0,0,0
SI, STOBE AVENUE,0,0,0,0
BX, LONGWOOD AVENUE,0,0,0,0
QN, ASH AVENUE,0,0,0,0
BX,EAST 164 STREET,0,0,0,0
BX, RAT ISLAND,0,0,0,0
QN, OTTO ROAD,0,0,0,0
SI, RAMSEY LANE,0,0,0,0
MN, BROADWAY,0,0,0,0
BK, JEFFERSON STREET,0,0,0,0
BX,930 FREEMAN STREET,0,0,0,0
BK, AVENUE S,0,0,0,0
QN, FAR ROCKAWAY BLVD,0,0,0,0
BK, JUST COURT,0,0,0,0
SI, BRABANT STREET,0,0,0,0
QN, MADISON STREET,0,0,0,0
BX, BLONDELL AVENUE,0,0,0,0
QN, SUNRISE HIGHWAY,0,0,0,0
SI,15 TIDES LANE,0,0,0,0
QN,75 STREET,0,0,0,0
SI, ALBERT COURT,0,0,0,0
BK,230 LIVONIA AVENUE,0,0,0,0
QN, WOODSIDE AVENUE,0,0,0,0
QN,193 STREET,0,0,0,0
QN, ATLANTIC AVENUE,0,0,0,0
QN,143 PLACE,0,0,0,0
BK,403A SOUTH 5 STREET,0,0,0,0
BX, UNDERHILL AVENUE,0,0,0,0
BX,,0,0,0,0
QN, ATLANTIC AVENUE,0,0,0,0
QN,23 STREET,0,0,0,0
BX, BRONX BOULEVARD,0,0,0,0
SI, WOODROW ROAD,0,0,0,0
MN,47 EAST 44 STREET,0,0,0,0
MN, DYCKMAN STREET,0,0,0,0
BK, UTICA AVENUE,0,0,0,0
QN,109 AVENUE,0,0,0,0
QN,39 AVENUE,0,0,0,0
QN, ATLANTIC AVENUE,0,0,0,0
SI, MOSEL AVENUE,0,0,0,0
QN, HILLSIDE AVENUE,0,0,0,0
QN,139 STREET,0,0,0,0
BK,194 DOVER STREET,0,0,0,0
SI, PRINCE LANE,0,0,0,0
BK,398 SOUTH 1 STREET,0,0,0,0
QN, ATLANTIC AVENUE,0,0,0,0
BK, ELDERT LANE,0,0,0,0
SI, CLOVE ROAD,0,0,0,0
SI, CODY PLACE,0,0,0,0
QN,92-33 168 STREET,0,0,0,0
SI, FR CAPODANNO BLVD,0,0,0,0
QN, HILLSIDE AVENUE,0,0,0,0
QN, ATLANTIC AVENUE,0,0,0,0
BK, FT HAMILTON PARKWAY,0,0,0,0
QN, LAWRENCE STREET,0,0,0,0
BK, LAKE STREET,0,0,0,0
QN,109 AVENUE,0,0,0,0
SI, CANNON AVENUE,0,0,0,0
SI, MOSEL AVENUE,0,0,0,0
QN,26-15 212 STREET,0,0,0,0
BK, RIVERDALE AVENUE,0,0,0,0
SI, HEWITT AVENUE,0,0,0,0
QN,56 ROAD,0,0,0,0
SI, ELLIS STREET,0,0,0,0
QN,14 STREET,0,0,0,0
QN,253-19 PEMBROKE AVENUE,0,0,0,0
BX, BRONX PARK AVENUE,0,0,0,0
BK, LINDEN BOULEVARD,0,0,0,0
BK,16 AVENUE,0,0,0,0
SI, RAGAZZI LANE,0,0,0,0
QN, ROOSEVELT AVENUE,0,0,0,0
QN,71 STREET,0,0,0,0
QN, METROPOLITAN AVENUE,0,0,0,0
QN,61 DRIVE,0,0,0,0
BK, WEST STREET,0,0,0,0
BK, MC GUINNESS BLVD,0,0,0,0
SI, WAVE STREET,0,0,0,0
SI, RARITAN AVENUE,0,0,0,0
BK, PITKIN AVENUE,0,0,0,0
QN,107 AVENUE,0,0,0,0
QN, GRENFELL STREET,0,0,0,0
QN, BAXTER AVENUE,0,0,0,0
BK,50 STREET,0,0,0,0
QN,141 ROAD,0,0,0,0
BK, WATER STREET,0,0,0,0
MN,146 WEST 118 STREET,0,0,0,0
QN,BEACH 97 STREET,0,0,0,0
SI, MORNINGSTAR ROAD,0,0,0,0
BX, OUTLOOK AVENUE,0,0,0,0
SI, AMBOY ROAD,0,0,0,0
QN,109-50 127 STREET,0,0,0,0
BK,270 KINGS HIGHWAY,0,0,0,0
SI, FINGERBOARD ROAD,0,0,0,0
QN,101 STREET,0,0,0,0
QN,79 STREET,0,0,0,0
SI, BAY STREET,0,0,0,0
QN,97 AVENUE,0,0,0,0
QN, LINDEN BOULEVARD,0,0,0,0
QN,760 WOODWARD AVENUE,0,0,0,0
BK, NEPTUNE AVENUE,0,0,0,0
BK,195 65 STREET,0,0,0,0
SI,1855I SOUTH RAILROAD AVE,0,0,0,0
QN,63 DRIVE,0,0,0,0
MN, BROADWAY,0,0,0,0
QN,83-23 VIETOR AVENUE,0,0,0,0
BK, FOSTER AVENUE,0,0,0,0
QN,49 STREET,0,0,0,0
BX,177 WEST 236 STREET,0,0,0,0
QN, BEACH CHANNEL DRIVE,0,0,0,0
MN, BROADWAY,0,0,0,0
BK,3046 FULTON STREET,0,0,0,0
BX,3423 BAYCHESTER AVENUE,0,0,0,0
QN,99 STREET,0,0,0,0
QN, RAILROAD AVENUE,0,0,0,0
QN, PITKIN AVENUE,0,0,0,0
QN,240 STREET,0,0,0,0
QN, METROPOLITAN AVENUE,0,0,0,0
BX,EAST 156 STREET,0,0,0,0
QN, DREYER AVENUE,0,0,0,0
BK, DEAN STREET,0,0,0,0
BX, MACE AVENUE,0,0,0,0
MN,193 MANHATTAN AVENUE,0,0,0,0
BX, PALISADE AVENUE,0,0,0,0
QN, QUEENS BOULEVARD,0,0,0,0
BX, PARK AVENUE,0,0,0,0
BK, SHEEPSHEAD BAY ROAD,0,0,0,0
SI, FABER STREET,0,0,0,0
QN,111 AVENUE,0,0,0,0
SI, RARITAN AVENUE,0,0,0,0
BK, AVENUE N,0,0,0,0
SI,54 JUSTIN AVENUE,0,0,0,0
SI, TREADWELL AVENUE,0,0,0,0
QN,90 AVENUE,0,0,0,0
MN,225 WEST 53 STREET,0,0,0,0
MN,624 WEST 132 STREET,0,0,0,0
BX, BROOK AVENUE,0,0,0,0
BX, SIMPSON STREET,0,0,0,0
BX, MULINER AVENUE,0,0,0,0
QN,BEACH 98 STREET,0,0,0,0
BK,1 AVENUE,0,0,0,0
QN,38 STREET,0,0,0,0
BK,1384 61 STREET,0,0,0,0
BK,EAST 23 STREET,0,0,0,0
BK, SURF AVENUE,0,0,0,0
BK,EAST 99 STREET,0,0,0,0
QN,71-01 ROOSEVELT AVENUE,0,0,0,0
QN,21 STREET,0,0,0,0
BK,EAST 100 STREET,0,0,0,0
BX, BRUCKNER BOULEVARD,0,0,0,0
QN, QUEENS BOULEVARD,0,0,0,0
BX,EAST 144 STREET,0,0,0,0
QN, STATION ROAD,0,0,0,0
QN,164 STREET,0,0,0,0
SI,40 FELDMEYERS LANE,0,0,0,0
MN,WEST 31 STREET,0,0,0,0
BX, SHERIDAN EXPRESSWAY,0,0,0,0
SI, VAN PELT AVENUE,0,0,0,0
SI, BUSH AVENUE,0,0,0,0
BK, STERLING PLACE,0,0,0,0
BX, MATTHEWS AVENUE,0,0,0,0
BK, LINDEN BOULEVARD,0,0,0,0
SI, HYLAN BOULEVARD,0,0,0,0
QN,49 AVENUE,0,0,0,0
BX, PARK AVENUE,0,0,0,0
BK,EAST 12 STREET,0,0,0,0
MN,502 10 AVENUE,0,0,0,0
QN, SUNRISE HIGHWAY,0,0,0,0
QN,223 STREET,0,0,0,0
BK, AVENUE U,0,0,0,0
MN,EAST 20 STREET,0,0,0,0
SI, MOSEL AVENUE,0,0,0,0
QN, SUTTER AVENUE,0,0,0,0
BX, HARDING PARK,0,0,0,0
BK, PITKIN AVENUE,0,0,0,0
QN, HORACE HARDING EXPWY,0,0,0,0
SI, AMBOY ROAD,0,0,0,0
MN,WEST 118 STREET,0,0,0,0
MN,WEST 117 STREET,0,0,0,0
SI, RICHMOND TERRACE,0,0,0,0
SI, NECKAR AVENUE,0,0,0,0
BK,WEST 15 STREET,0,0,0,0
SI, LORRAINE LOOP,0,0,0,0
MN, FT WASHINGTON AVENUE,0,0,0,0
QN,23 AVENUE,0,0,0,0
SI, BLOOMINGDALE ROAD,0,0,0,0
QN, MOTT AVENUE,0,0,0,0
MN,WEST 117 STREET,0,0,0,0
QN,146 STREET,0,0,0,0
SI, FINLEY AVENUE,0,0,0,0
MN, BROADWAY,0,0,0,0
BK, CONEY ISLAND AVENUE,0,0,0,0
SI, MC CLEAN AVENUE,0,0,0,0
BK,606 SHEEPSHEAD BAY ROAD,0,0,0,0
QN, BEDELL STREET,0,0,0,0
QN, CLINTON TERRACE,0,0,0,0
SI, HERRICK AVENUE,0,0,0,0
QN,23 AVENUE,0,0,0,0
BK, AVENUE S,0,0,0,0
SI, MAIN STREET,0,0,0,0
QN,71 AVENUE,0,0,0,0
SI, LORRAINE LOOP,0,0,0,0
QN, LINDEN BOULEVARD,0,0,0,0
BX,2946 BAISLEY AVENUE,0,0,0,0
SI, STEUBEN STREET,0,0,0,0
SI, ARTHUR KILL ROAD,0,0,0,0
SI, ERIKA LOOP,0,0,0,0
SI, BALSAM PLACE,0,0,0,0
QN, WILLETS POINT BLVD,0,0,0,0
BK, AVENUE Y,0,0,0,0
SI, DREYER AVENUE,0,0,0,0
SI, GRANITE AVENUE,0,0,0,0
QN,57 ROAD,0,0,0,0
MN, COLUMBUS CIRCLE,0,0,0,0
BK, LINDEN BOULEVARD,0,0,0,0
SI, CASWELL LANE,0,0,0,0
MN, RIVERSIDE DRIVE,0,0,0,0
SI, ELMWOOD PARK DRIVE,0,0,0,0
SI, REGINA LANE,0,0,0,0
SI, IRVING PLACE,0,0,0,0
QN, JUNO STREET,0,0,0,0
SI, MORANI STREET,0,0,0,0
SI, ARROWOOD COURT,0,0,0,0
SI, RUTHERFORD COURT,0,0,0,0
QN, IVY CLOSE,0,0,0,0
SI, PRINCESS LANE,0,0,0,0
BK, JAY STREET,0,0,0,0
SI, EDEN COURT,0,0,0,0
QN,37-20 37 AVENUE,0,0,0,0
QN, UNDERWOOD ROAD,0,0,0,0
QN, GROSVENOR LANE,0,0,0,0
SI, WATERVIEW COURT,0,0,0,0
QN,140 AVENUE,0,0,0,0
SI, CHIPPERFIELD COURT,0,0,0,0
QN, MARKWOOD PLACE,0,0,0,0
BX,EAST 132 STREET,0,0,0,0
SI, BRADLEY AVENUE,0,0,0,0
SI, FAIRLAWN AVENUE,0,0,0,0
BK, WILSON AVENUE,0,0,0,0
BX, HARDING PARK,0,0,0,0
QN, FRANKFORT AVENUE,0,0,0,0
SI, UNION AVENUE,0,0,0,0
SI, GEO COURT,0,0,0,0
BX,3 AVENUE,0,0,0,0
SI, JEWETT AVENUE,0,0,0,0
SI, PHEASANT LANE,0,0,0,0
SI, PEACOCK LOOP,0,0,0,0
MN,530 WEST 33 STREET,0,0,0,0
BX, NELSON AVENUE,0,0,0,0
QN, YELLOWSTONE BLVD,0,0,0,0
BK, SHORE ROAD,0,0,0,0
QN, DOUGLAS ROAD,0,0,0,0
SI, SOUTH EDO COURT,0,0,0,0
QN, MAURICE AVENUE,0,0,0,0
QN,BEACH 73 STREET,0,0,0,0
QN,150-50 3 AVENUE,0,0,0,0
BK,442 KENT AVENUE,0,0,0,0
BK,358 SOUTH 5 STREET,0,0,0,0
SI, WOODROSE LANE,0,0,0,0
BK, EAST NEW YORK AVENUE,0,0,0,0
SI, BAY STREET,0,0,0,0
SI, CRANFORD COURT,0,0,0,0
BX, CORNELL AVENUE,0,0,0,0
QN, COUNTRY POINTE CRCL,0,0,0,0
QN, PAVO ROAD,0,0,0,0
BX,680 WEST 246 STREET,0,0,0,0
BK, MESEROLE STREET,0,0,0,0
QN, BYE STREET,0,0,0,0
QN, GREENWAY NORTH,0,0,0,0
QN, GREENWAY NORTH,0,0,0,0
QN, ASCAN AVENUE,0,0,0,0
QN, HOLDER PLACE,0,0,0,0
QN, INGRAM STREET,0,0,0,0
QN,144 STREET,0,0,0,0
QN,136 STREET,0,0,0,0
QN, WATERSIDE COURT,0,0,0,0
SI, DUANE COURT,0,0,0,0
SI, GREENWAY DRIVE,0,0,0,0
SI,882 JEWETT AVENUE,0,0,0,0
SI, MICHAEL LOOP,0,0,0,0
SI, COVENTRY ROAD,0,0,0,0
SI, VAN NAME AVENUE,0,0,0,0
SI, POND WAY,0,0,0,0
SI, GLORIA COURT,0,0,0,0
SI, KIRSHON AVENUE,0,0,0,0
SI, HIRSCH LANE,0,0,0,0
SI, ORBIT LANE,0,0,0,0
SI, CHURCH AVENUE,0,0,0,0
SI, CORONA AVENUE,0,0,0,0
SI, WOODCUTTERS LANE,0,0,0,0
SI, FAIRLAWN LOOP,0,0,0,0
SI, LOMBARD COURT,0,0,0,0
SI, ALCOTT STREET,0,0,0,0
SI, NICOLOSI DRIVE,0,0,0,0
SI, VAIL AVENUE,0,0,0,0
SI, LORRAINE LOOP,0,0,0,0
BX, FAILE STREET,0,0,0,0
SI, CROWN COURT,0,0,0,0
SI, BLOOMINGDALE ROAD,0,0,0,0
SI, LERER LANE,0,0,0,0
QN, WOODHAVEN BOULEVARD,0,0,0,0
SI, DEBORAH LOOP,0,0,0,0
QN,28 STREET,0,0,0,0
QN,65-40 66 STREET,0,0,0,0
QN, DALIAN COURT,0,0,0,0
QN, LAWRENCE STREET,0,0,0,0
SI, FOREST AVENUE,0,0,0,0
QN, BELL BOULEVARD,0,0,0,0
BX, HARDING PARK,0,0,0,0
QN,225 STREET,0,0,0,0
BX,1227 WOODYCREST AVENUE,0,0,0,0
QN, POWELLS COVE BLVD,0,0,0,0
BX, FORDHAM PLACE,0,0,0,0
QN, BEACH CHANNEL DRIVE,0,0,0,0
SI, GREENCROFT LANE,0,0,0,0
SI, SPRAGUE AVENUE,0,0,0,0
SI, AMBOY ROAD,0,0,0,0
SI, MARSH AVENUE,0,0,0,0
BX, COURTLANDT AVENUE,0,0,0,0
SI, HOWARD AVENUE,0,0,0,0
SI, HYLAN BOULEVARD,0,0,0,0
SI, BARLOW AVENUE,0,0,0,0
QN,140 AVENUE,0,0,0,0
BK, HULL STREET,0,0,0,0
QN,115-04 DUNKIRK STREET,0,0,0,0
BX, BOLTON AVENUE,0,0,0,0
BX,1806 SEWARD AVENUE,0,0,0,0
BX, HARDING PARK,0,0,0,0
QN,50 STREET,0,0,0,0
QN,74 STREET,0,0,0,0
QN,150 STREET,0,0,0,0
QN, SUNRISE HIGHWAY,0,0,0,0
BK,6 AVENUE,0,0,0,0
SI, OSGOOD AVENUE,0,0,0,0
BK, EVERGREEN AVENUE,0,0,0,0
SI, BAY STREET,0,0,0,0
SI, AMBOY ROAD,0,0,0,0
QN, RAILROAD AVENUE,0,0,0,0
SI, AMBOY ROAD,0,0,0,0
QN, LINDEN BOULEVARD,0,0,0,0
QN,71 AVENUE,0,0,0,0
SI, STONECREST COURT,0,0,0,0
QN, CYPRESS AVENUE,0,0,0,0
SI,3844 RICHMOND AVENUE,0,0,0,0
MN,434 WEST 36 STREET,0,0,0,0
QN, QUEENS BOULEVARD,0,0,0,0
QN,39-17 192 STREET,0,0,0,0
QN,224 STREET,0,0,0,0
QN,50 AVENUE,0,0,0,0
SI, THOMPSON STREET,0,0,0,0
BX, MIDDLETOWN ROAD,0,0,0,0
MN, HARLEM RIVER DRIVE,0,0,0,0
QN, HOLDER PLACE,0,0,0,0
BK,BAY 16 STREET,0,0,0,0
MN,152 EAST 57 STREET,0,0,0,0
QN, GIPSON STREET,0,0,0,0
QN, BAISLEY BOULEVARD,0,0,0,0
BK, ROCKAWAY AVENUE,0,0,0,0
QN,133 AVENUE,0,0,0,0
BK, STILLWELL AVENUE,0,0,0,0
QN, GREENWAY SOUTH,0,0,0,0
BX, BIRCHALL AVENUE,0,0,0,0
BX, BRONXDALE AVENUE,0,0,0,0
BK, KEAP STREET,0,0,0,0
BX, GOLD STREET,0,0,0,0
QN,84 STREET,0,0,0,0
QN, BELL BOULEVARD,0,0,0,0
QN, ATLANTIC AVENUE,0,0,0,0
QN, SOUTH CONDUIT AVENUE,0,0,0,0
SI, CHURCH STREET,0,0,0,0
SI, GRANITE AVENUE,0,0,0,0
SI, MARISA COURT,0,0,0,0
SI, CLIFTON AVENUE,0,0,0,0
SI,236 YETMAN AVENUE,0,0,0,0
QN, UNION TURNPIKE,0,0,0,0
QN,BEACH 64 STREET,0,0,0,0
BX, CLOSE AVENUE,0,0,0,0
SI, DELMAR AVENUE,0,0,0,0
BK, TROY AVENUE,0,0,0,0
QN,54 STREET,0,0,0,0
QN,11-07 126 STREET,0,0,0,0
QN,149 AVENUE,0,0,0,0
QN, BAISLEY BOULEVARD,0,0,0,0
QN,102 STREET,0,0,0,0
SI, VAN NAME AVENUE,0,0,0,0
QN,25 AVENUE,0,0,0,0
QN, JAMAICA AVENUE,0,0,0,0
QN, FLEET STREET,0,0,0,0
QN, BURNS STREET,0,0,0,0
QN,208 PLACE,0,0,0,0
QN,99 STREET,0,0,0,0
SI, RAMONA AVENUE,0,0,0,0
SI, DINA COURT,0,0,0,0
SI, BENTLEY STREET,0,0,0,0
SI, WOODROW ROAD,0,0,0,0
SI, CEDARWOOD COURT,0,0,0,0
BK,411 BERRY STREET,0,0,0,0
QN, SOUTH CONDUIT AVENUE,0,0,0,0
SI, MAYBERRY PROMENADE,0,0,0,0
BK, VAN SINDEREN AVENUE,0,0,0,0
BX,120 UNDERHILL AVENUE,0,0,0,0
BK,WEST 7 STREET,0,0,0,0
QN, POWELLS COVE BLVD,0,0,0,0
QN, FAR ROCKAWAY BLVD,0,0,0,0
QN,41 AVENUE,0,0,0,0
MN, RIVERSIDE PARK,0,0,0,0
SI, WILLOW ROAD EAST,0,0,0,0
SI, BOCCE COURT,0,0,0,0
SI, TURNER STREET,0,0,0,0
SI, LYCEUM COURT,0,0,0,0
QN,98 AVENUE,0,0,0,0
BX, BRONX RIVER AVENUE,0,0,0,0
BX, BOLLER AVENUE,0,0,0,0
QN, ROCKAWAY BEACH BLVD,0,0,0,0
BX, BRUCKNER BOULEVARD,0,0,0,0
QN, FAR ROCKAWAY BLVD,0,0,0,0
QN, MYRTLE AVENUE,0,0,0,0
QN, FAR ROCKAWAY BLVD,0,0,0,0
QN,BEACH 67 STREET,0,0,0,0
QN, BEACH CHANNEL DRIVE,0,0,0,0
SI, CODY PLACE,0,0,0,0
QN, NORTH CONDUIT AVENUE,0,0,0,0
SI, JOHN STREET,0,0,0,0
BX, EASTCHESTER ROAD,0,0,0,0
SI, WINDSOR COURT,0,0,0,0
QN, FARMERS BOULEVARD,0,0,0,0
SI, GREENFIELD COURT,0,0,0,0
SI, STRAWBERRY LANE,0,0,0,0
SI, IMPALA COURT,0,0,0,0
QN, WINCHESTER BOULEVARD,0,0,0,0
BK, FT HAMILTON PARKWAY,0,0,0,0
BK, SURF AVENUE,0,0,0,0
QN, LINDEN BOULEVARD,0,0,0,0
QN,60 STREET,0,0,0,0
QN, ONDERDONK AVENUE,0,0,0,0
QN, METROPOLITAN AVENUE,0,0,0,0
SI, WELLINGTON COURT,0,0,0,0
SI, GREENWAY AVENUE,0,0,0,0
QN,43 STREET,0,0,0,0
BK, AVENUE L,0,0,0,0
QN,91-01 91 AVENUE,0,0,0,0
BX,EAST 162 STREET,0,0,0,0
BK, WHITE STREET,0,0,0,0
BK,10 AVENUE,0,0,0,0
SI, MOSEL AVENUE,0,0,0,0
QN, SPRINGFIELD BLVD,0,0,0,0
QN, HIGHLAND AVENUE,0,0,0,0
QN,147 STREET,0,0,0,0
BK,1278 MCDONALD AVENUE,0,0,0,0
QN, ROCKAWAY BEACH BLVD,0,0,0,0
SI, VIRGINIA AVENUE,0,0,0,0
QN, SOUTH CONDUIT AVENUE,0,0,0,0
BK, SUTTER AVENUE,0,0,0,0
SI, PARK AVENUE,0,0,0,0
MN,566 WEST 170 STREET,0,0,0,0
MN,EAST 45 STREET,0,0,0,0
MN,430 WEST 36 STREET,0,0,0,0
BX, MACOMBS DAM PARK,0,0,0,0
BK,28 MALCOLM X BOULEVARD,0,0,0,0
BK,EAST 100 STREET,0,0,0,0
MN, RIVERSIDE PARK,0,0,0,0
MN, GREENWICH STREET,0,0,0,0
BK, ROYCE STREET,0,0,0,0
QN,42 AVENUE,0,0,0,0
SI, WESTPORT LANE,0,0,0,0
QN,128 DRIVE,0,0,0,0
QN, DONGAN AVENUE,0,0,0,0
QN,159 STREET,0,0,0,0
SI, BARLOW AVENUE,0,0,0,0
SI, EXCELSIOR AVENUE,0,0,0,0
BK,EAST 43 STREET,0,0,0,0
QN,BEACH 40 STREET,0,0,0,0
SI, BAY STREET,0,0,0,0
BK, CENTRAL AVENUE,0,0,0,0
BX, MAJOR DEEGAN EXPRESS,0,0,0,0
QN, WILLETS POINT BLVD,0,0,0,0
SI, WOODVALE AVENUE,0,0,0,0
SI, PATTERSON AVENUE,0,0,0,0
SI, BURGUNDY LOOP,0,0,0,0
SI, MILL ROAD,0,0,0,0
QN,23 AVENUE,0,0,0,0
SI, SOUTH RAILROAD ST,0,0,0,0
SI, GROVE AVENUE,0,0,0,0
QN, ELIOT AVENUE,0,0,0,0
BX, PARK AVENUE,0,0,0,0
QN, MEADOW ROAD,0,0,0,0
MN,10 AVENUE,0,0,0,0
BK, ATLANTIC AVENUE,0,0,0,0
BK, PACIFIC STREET,0,0,0,0
BK, AVENUE Z,0,0,0,0
SI, HYLAN BOULEVARD,0,0,0,0
SI, MORNINGSTAR ROAD,0,0,0,0
BX, BRONX PARK AVENUE,0,0,0,0
QN,84 STREET,0,0,0,0
BK,3021 KNAPP STREET,0,0,0,0
QN, UNION TURNPIKE,0,0,0,0
SI, LYNDALE LANE,0,0,0,0
QN, SUNRISE HIGHWAY,0,0,0,0
SI, MOSEL AVENUE,0,0,0,0
MN,WEST 135 STREET,0,0,0,0
QN, BOW STREET,0,0,0,0
QN, BURNS STREET,0,0,0,0
QN,87-73 123 STREET,0,0,0,0
QN,211 STREET,0,0,0,0
MN, WARDS ISLAND,0,0,0,0
QN, PARSONS BOULEVARD,0,0,0,0
QN,BEACH 42 STREET,0,0,0,0
SI, TEMPLE COURT,0,0,0,0
QN,130 STREET,0,0,0,0
QN,70 AVENUE,0,0,0,0
QN,133 AVENUE,0,0,0,0
QN,144 STREET,0,0,0,0
QN,145 STREET,0,0,0,0
QN,74 STREET,0,0,0,0
QN,BEACH 77 STREET,0,0,0,0
BX,419 BOTANICAL SQUARE S,0,0,0,0
SI, MAPLE AVENUE,0,0,0,0
SI, NAVIGATOR COURT,0,0,0,0
BX, INTERVALE AVENUE,0,0,0,0
QN,58 STREET,0,0,0,0
QN,123 STREET,0,0,0,0
BX,230 WEST TREMONT AVENUE,0,0,0,0
QN, WOODSIDE AVENUE,0,0,0,0
SI, GREAVES AVENUE,0,0,0,0
BK, MORGAN AVENUE,0,0,0,0
BX, CARPENTER AVE,0,0,0,0
BX,2471 WESTCHESTER AVENUE,0,0,0,0
QN, BEACH CHANNEL DRIVE,0,0,0,0
QN,43 AVENUE,0,0,0,0
BK, SURF AVENUE,0,0,0,0
QN,159 STREET,0,0,0,0
QN, ROCKAWAY BOULEVARD,0,0,0,0
SI, ALTER AVENUE,0,0,0,0
QN, HAWTREE CREEK ROAD,0,0,0,0
SI, PELTON AVENUE,0,0,0,0
SI, ARTHUR KILL ROAD,0,0,0,0
QN, SOUTH CONDUIT AVENUE,0,0,0,0
QN, NORTH CONDUIT AVENUE,0,0,0,0
SI,2475 VICTORY BOULEVARD,0,0,0,0
SI, JOHNSON AVENUE,0,0,0,0
SI, NICHOLAS AVENUE,0,0,0,0
QN, BOW STREET,0,0,0,0
SI, DARLINGTON AVENUE,0,0,0,0
SI, AMBOY ROAD,0,0,0,0
SI, RICHMOND HILL ROAD,0,0,0,0
MN,11 AVENUE,0,0,0,0
SI, WIRT AVENUE,0,0,0,0
QN,133-17 41 AVENUE,0,0,0,0
QN, QUEENS BOULEVARD,0,0,0,0
QN,42 AVENUE,0,0,0,0
BK,337 14 STREET,0,0,0,0
QN, ROOSEVELT AVENUE,0,0,0,0
MN, RIVERVIEW TERRACE,0,0,0,0
SI, UNION AVENUE,0,0,0,0
QN,BEACH 73 STREET,0,0,0,0
QN,25 AVENUE,0,0,0,0
SI, GIRARD STREET,0,0,0,0
QN,69 PLACE,0,0,0,0
BK, PACIFIC STREET,0,0,0,0
BK,8517 FLATLANDS AVENUE,0,0,0,0
SI, MOSEL AVENUE,0,0,0,0
SI, SAVO LOOP,0,0,0,0
BX, ROSE FEISS BOULEVARD,0,0,0,0
BK,380 SOUTH 1 STREET,0,0,0,0
MN, HUDSON STREET,0,0,0,0
BX,1940 TURNBULL AVENUE,0,0,0,0
BX,1931 LAFAYETTE AVENUE,0,0,0,0
BX, LAFAYETTE AVENUE,0,0,0,0
QN,35 STREET,0,0,0,0
QN, BRINKERHOFF AVENUE,0,0,0,0
SI, AMBOY ROAD,0,0,0,0
QN, ASTORIA BOULEVARD,0,0,0,0
QN,39 AVENUE,0,0,0,0
MN,184 AVENUE D,0,0,0,0
BK,2 AVENUE,0,0,0,0
BX, WHITE PLAINS ROAD,0,0,0,0
QN,176 STREET,0,0,0,0
SI, CHAPIN AVENUE,0,0,0,0
QN,149 AVENUE,0,0,0,0
SI, WHALLEY AVENUE,0,0,0,0
QN,100 STREET,0,0,0,0
QN,97 STREET,0,0,0,0
BX,EAST 180 STREET,0,0,0,0
QN, METROPOLITAN AVENUE,0,0,0,0
QN,56 ROAD,0,0,0,0
SI, NORTH GANNON AVENUE,0,0,0,0
SI, JEFFERSON AVENUE,0,0,0,0
SI, GRASMERE AVENUE,0,0,0,0
SI,95 MACON AVENUE,0,0,0,0
BK, GRANT AVENUE,0,0,0,0
BK,2210 MERMAID AVENUE,0,0,0,0
QN, AUSTIN STREET,0,0,0,0
QN,132 ROAD,0,0,0,0
SI, LAMONT AVENUE,0,0,0,0
SI, ERIKA LOOP,0,0,0,0
QN, WYCKOFF AVENUE,0,0,0,0
BK,298 EUCLID AVENUE,0,0,0,0
QN,163-17 STATION ROAD,0,0,0,0
MN,221 EAST 37 STREET,0,0,0,0
SI, CANDON COURT,0,0,0,0
BX, BRONX BOULEVARD,0,0,0,0
BK,18 AVENUE,0,0,0,0
QN,,0,0,0,0
BX, WATERS PLACE,0,0,0,0
QN,69 STREET,0,0,0,0
QN,BEACH 193 STREET,0,0,0,0
SI, ZOE STREET,0,0,0,0
BX, POPLAR STREET,0,0,0,0
QN, SOUTH RAILROAD AVE,0,0,0,0
QN,58-00 59 AVENUE,0,0,0,0
QN,127-11 POWELLS COVE BLVD,0,0,0,0
BK, SHORE PARKWAY,0,0,0,0
SI, MANEE AVENUE,0,0,0,0
BK,1129 HALSEY STREET,0,0,0,0
SI, ESSEX DRIVE,0,0,0,0
BX,904 HUNTS POINT AVENUE,0,0,0,0
QN,BEACH 96 STREET,0,0,0,0
QN, NORTHERN BOULEVARD,0,0,0,0
BX, EAST TREMONT AVENUE,0,0,0,0
QN, SAYRES AVENUE,0,0,0,0
QN,BEACH 12 STREET,0,0,0,0
QN,57 STREET,0,0,0,0
SI,241 VEDDER AVENUE,0,0,0,0
SI, BLOOMINGDALE ROAD,0,0,0,0
SI, WINDHAM LOOP,0,0,0,0
QN,63 STREET,0,0,0,0
QN,135 AVENUE,0,0,0,0
QN,21 STREET,0,0,0,0
BX, LEGGETT AVENUE,0,0,0,0
QN, BURNS STREET,0,0,0,0
QN,149 AVENUE,0,0,0,0
QN,60 PLACE,0,0,0,0
BK, JUST COURT,0,0,0,0
SI, MORNINGSTAR ROAD,0,0,0,0
SI, ARTHUR KILL ROAD,0,0,0,0
SI, BLOOMINGDALE ROAD,0,0,0,0
BK, SUTTER AVENUE,0,0,0,0
QN,160 AVENUE,0,0,0,0
QN,114-50 LEFFERTS BOULEVARD,0,0,0,0
QN, WOODSIDE AVENUE,0,0,0,0
MN,2 DOYERS STREET,0,0,0,0
QN, UNION HALL STREET,0,0,0,0
QN,87-40 109 STREET,0,0,0,0
QN, PITKIN AVENUE,0,0,0,0
QN, BAISLEY BOULEVARD,0,0,0,0
QN,BEACH 96 STREET,0,0,0,0
SI, SOUTH RAILROAD AVE,0,0,0,0
SI, AMBOY ROAD,0,0,0,0
SI, HYLAN BOULEVARD,0,0,0,0
SI,1250 BAY STREET,0,0,0,0
QN,146 STREET,0,0,0,0
QN,219 STREET,0,0,0,0
SI, RICHMOND VALLEY ROAD,0,0,0,0
SI, SPOONER STREET,0,0,0,0
QN,46 ROAD,0,0,0,0
BK,302 VAN SINDEREN AVENUE,0,0,0,0
SI,36 BAY STREET LANDING,0,0,0,0
BK,EAST 98 STREET,0,0,0,0
QN, SUNRISE HIGHWAY,0,0,0,0
QN,28-20 JACKSON AVENUE,0,0,0,0
QN,87 AVENUE,0,0,0,0
BX, ST MARYS STREET,0,0,0,0
QN,68-28 70 AVENUE,0,0,0,0
BK, DUMONT AVENUE,0,0,0,0
QN,149 AVENUE,0,0,0,0
QN,111 AVENUE,0,0,0,0
BK, MC KIBBIN COURT,0,0,0,0
BK, SUTTER AVENUE,0,0,0,0
QN, DITMARS BOULEVARD,0,0,0,0
MN,276 AVENUE C,0,0,0,0
QN, NORTH CONDUIT AVENUE,0,0,0,0
QN,120 AVENUE,0,0,0,0
SI, HUGUENOT AVENUE,0,0,0,0
SI, ALTER AVENUE,0,0,0,0
BX, GARFIELD STREET,0,0,0,0
SI, LUKE COURT,0,0,0,0
QN,175 STREET,0,0,0,0
QN, LITTLE NECK PARKWAY,0,0,0,0
BX, WEST KINGSBRIDGE RD,0,0,0,0
QN, FRESH POND ROAD,0,0,0,0
QN,74 STREET,0,0,0,0
QN, BOWNE STREET,0,0,0,0
BX, EAST TREMONT AVENUE,0,0,0,0
BX,EAST 138 STREET,0,0,0,0
SI, RICHMOND TERRACE,0,0,0,0
QN,219 STREET,0,0,0,0
QN,,0,0,0,0
MN,1 AVENUE,0,0,0,0
BX, OAK POINT AVENUE,0,0,0,0
SI, SPRAGUE AVENUE,0,0,0,0
QN, FARMERS BOULEVARD,0,0,0,0
QN,104-67 45 AVENUE,0,0,0,0
QN,168 STREET,0,0,0,0
QN, DEPEW AVENUE,0,0,0,0
QN,89-67 162 STREET,0,0,0,0
SI, GARFIELD AVENUE,0,0,0,0
QN, SUNRISE HIGHWAY,0,0,0,0
BX, PAULDING AVENUE,0,0,0,0
BK, BEDFORD AVENUE,0,0,0,0
SI, BEACH AVENUE,0,0,0,0
QN, FARMERS BOULEVARD,0,0,0,0
SI, WILLOW AVENUE,0,0,0,0
QN, GRENFELL STREET,0,0,0,0
SI, CANNON AVENUE,0,0,0,0
QN, CORP KENNEDY STREET,0,0,0,0
QN, BORDEN AVENUE,0,0,0,0
BX,EAST 141 STREET,0,0,0,0
SI, BAY STREET,0,0,0,0
BK,547 CLINTON AVENUE,0,0,0,0
BX,3050 CRUGER AVENUE,0,0,0,0
BK, GARDNER AVENUE,0,0,0,0
SI, MOSEL AVENUE,0,0,0,0
SI,870 ANNADALE ROAD,0,0,0,0
SI, DOE COURT,0,0,0,0
SI, SOUTH RAILROAD AVE,0,0,0,0
BK,EAST 18 STREET,0,0,0,0
BX,1324 WESTCHESTER AVENUE,0,0,0,0
QN,34-50 VERNON BOULEVARD,0,0,0,0
QN,164 PLACE,0,0,0,0
SI, DONGAN HILLS AVENUE,0,0,0,0
SI,1 BENTLEY STREET,0,0,0,0
QN, BOWNE STREET,0,0,0,0
QN, DENTON STREET,0,0,0,0
BK,6309 18 AVENUE,0,0,0,0
QN, BRINKERHOFF AVENUE,0,0,0,0
MN,503 EAST 74 STREET,0,0,0,0
MN,107 EAST 28 STREET,0,0,0,0
QN, FARMERS BOULEVARD,0,0,0,0
SI, BLOSSOM LANE,0,0,0,0
BK, MEEKER AVENUE,0,0,0,0
SI, BLOOMFIELD AVENUE,0,0,0,0
BX,1106 HOE AVENUE,0,0,0,0
SI, CLARK LANE,0,0,0,0
BX,,0,0,0,0
QN,27 STREET,0,0,0,0
BK,EAST 21 STREET,0,0,0,0
QN,47 ROAD,0,0,0,0
QN,31 AVENUE,0,0,0,0
BX, BRUCKNER BOULEVARD,0,0,0,0
QN, CYPRESS HILLS STREET,0,0,0,0
QN, GUY R BREWER BLVD,0,0,0,0
SI, WEST FINGERBOARD RD,0,0,0,0
QN,93-01 199 STREET,0,0,0,0
MN,232 WEST 31 STREET,0,0,0,0
SI, WILSON AVENUE,0,0,0,0
QN, VERNON BOULEVARD,0,0,0,0
BX,EAST 134 STREET,0,0,0,0
SI,,0,0,0,0
QN,19 STREET,0,0,0,0
QN, FRANCIS LEWIS BLVD,0,0,0,0
BK,87 RIVER STREET,0,0,0,0
QN,BEACH 67 STREET,0,0,0,0
QN, COOPER AVENUE,0,0,0,0
MN,237 EAST 55 STREET,0,0,0,0
BX,EAST 241 STREET,0,0,0,0
BX,415 BRUCKNER BOULEVARD,0,0,0,0
QN,88 STREET,0,0,0,0
BX,751 GARRISON AVENUE,0,0,0,0
SI, NORTH RAILROAD AVE,0,0,0,0
SI, ARTHUR KILL ROAD,0,0,0,0
QN, ATLANTIC AVENUE,0,0,0,0
QN,45 AVENUE,0,0,0,0
BK,95 YORK STREET,0,0,0,0
BK, STILLWELL AVENUE,0,0,0,0
BK,763 ROCKAWAY AVENUE,0,0,0,0
BK, LINCOLN AVENUE,0,0,0,0
QN, BEAVER ROAD,0,0,0,0
SI,219 TRACY AVENUE,0,0,0,0
SI, LEXA PLACE,0,0,0,0
QN, RUST STREET,0,0,0,0
QN,137-34 NORTHERN BOULEVARD,0,0,0,0
QN,39 STREET,0,0,0,0
BK, CONEY ISLAND AVENUE,0,0,0,0
SI, WILSON AVENUE,0,0,0,0
BK,1064 BUSHWICK AVENUE,0,0,0,0
BK, RALPH AVENUE,0,0,0,0
QN, ATLANTIC AVENUE,0,0,0,0
BK,EAST 15 STREET,0,0,0,0
QN,45-06 244 STREET,0,0,0,0
MN,EAST 42 STREET,0,0,0,0
BX,1514 SACKETT AVENUE,0,0,0,0
QN, AUSTIN STREET,0,0,0,0
QN,20 AVENUE,0,0,0,0
QN, SPRINGFIELD BLVD,0,0,0,0
SI, ELIZABETH GROVE ROAD,0,0,0,0
SI, WILLOW AVENUE,0,0,0,0
BX, MAJ WM DEEGAN BLVD,0,0,0,0
QN, VAN WYCK EXPRESSWAY,0,0,0,0
QN,140 AVENUE,0,0,0,0
BK,EAST 95 STREET,0,0,0,0
BK, MC DONALD AVENUE,0,0,0,0
QN,138-08 111 AVENUE,0,0,0,0
SI,1842 NORTH RAILROAD AVE,0,0,0,0
SI, AMBOY ROAD,0,0,0,0
SI, HUGUENOT AVENUE,0,0,0,0
QN,160 AVENUE,0,0,0,0
BX,351 EAST 139 STREET,0,0,0,0
BK,2117 BEDFORD AVENUE,0,0,0,0
QN,45 AVENUE,0,0,0,0
SI, WHITNEY AVENUE,0,0,0,0
SI, LINCOLN AVENUE,0,0,0,0
QN, WOODHAVEN BOULEVARD,0,0,0,0
QN,44 STREET,0,0,0,0
QN, FARMERS BOULEVARD,0,0,0,0
QN, SHALER AVENUE,0,0,0,0
SI, WEST SHORE PARKWAY,0,0,0,0
QN,54 STREET,0,0,0,0
QN, DOUGLAS AVENUE,0,0,0,0
SI,35 UTAH STREET,0,0,0,0
BK,36 STREET,0,0,0,0
QN,140 STREET,0,0,0,0
BX, PELHAM BAY PARK,0,0,0,0
SI, GRANITE AVENUE,0,0,0,0
BX, WEBSTER AVENUE,0,0,0,0
QN,89-71 163 STREET,0,0,0,0
QN, BORDEN AVENUE,0,0,0,0
QN, SMITH STREET,0,0,0,0
QN,219 STREET,0,0,0,0
QN, ATLANTIC AVENUE,0,0,0,0
SI, BAY STREET,0,0,0,0
SI, CORONA AVENUE,0,0,0,0
QN,45 STREET,0,0,0,0
SI,26 CLIFTON AVENUE,0,0,0,0
BK,EAST 22 STREET,0,0,0,0
SI, GIFFORDS LANE,0,0,0,0
SI,867 HUGUENOT AVENUE,0,0,0,0
QN, WOODSIDE AVENUE,0,0,0,0
QN,28-27 30 STREET,0,0,0,0
SI, GARRETSON AVENUE,0,0,0,0
SI, VICTORY BOULEVARD,0,0,0,0
BX,EAST 137 STREET,0,0,0,0
BX, LOCUST AVENUE,0,0,0,0
BK,8 AVENUE,0,0,0,0
BX,,0,0,0,0
BK, AVENUE D,0,0,0,0
QN, YELLOWSTONE BLVD,0,0,0,0
MN, AMSTERDAM AVENUE,0,0,0,0
SI, SANDS STREET,0,0,0,0
QN, FAR ROCKAWAY BLVD,0,0,0,0
SI, BAY STREET,0,0,0,0
SI,,0,0,0,0
QN,36 AVENUE,0,0,0,0
SI, AMBOY ROAD,0,0,0,0
QN,49 STREET,0,0,0,0
QN,120 AVENUE,0,0,0,0
QN,127 STREET,0,0,0,0
QN, MOTT AVENUE,0,0,0,0
QN,20 AVENUE,0,0,0,0
BK, HINSDALE STREET,0,0,0,0
QN,49 AVENUE,0,0,0,0
QN, BAISLEY BOULEVARD,0,0,0,0
BX,164 SCHOFIELD STREET,0,0,0,0
SI, GULF AVENUE,0,0,0,0
QN,69 PLACE,0,0,0,0
SI, WILLOW AVENUE,0,0,0,0
QN, HAWTREE STREET,0,0,0,0
QN, SUNRISE HIGHWAY,0,0,0,0
SI, MORNINGSTAR ROAD,0,0,0,0
BX,EAST 172 STREET,0,0,0,0
SI,1908R NORTH RAILROAD AVE,0,0,0,0
BK, ROCKAWAY AVENUE,0,0,0,0
BX,EAST 178 STREET,0,0,0,0
QN,147 ROAD,0,0,0,0
QN, VAN WYCK EXPRESSWAY,0,0,0,0
QN,222 STREET,0,0,0,0
BK,774 MONTAUK AVENUE,0,0,0,0
SI, RIGA STREET,0,0,0,0
BX, EASTCHESTER ROAD,0,0,0,0
QN, HOLLIS AVENUE,0,0,0,0
BX,EAST 138 STREET,0,0,0,0
BK, GLENWOOD ROAD,0,0,0,0
QN, STEINWAY STREET,0,0,0,0
QN, LINDEN BOULEVARD,0,0,0,0
BX,EAST 134 STREET,0,0,0,0
QN,BEACH 12 STREET,0,0,0,0
QN,60 DRIVE,0,0,0,0
QN, MAIN STREET,0,0,0,0
QN, CALAMUS AVENUE,0,0,0,0
SI, TYSENS LANE,0,0,0,0
BX,701 GARRISON AVENUE,0,0,0,0
BX, BUSINESS PLACE,0,0,0,0
BK, AVENUE Z,0,0,0,0
BK,819 NOSTRAND AVENUE,0,0,0,0
BK, AVENUE H,0,0,0,0
SI,,0,0,0,0
QN,44 AVENUE,0,0,0,0
MN,135 7 AVENUE,0,0,0,0
SI, WARD AVENUE,0,0,0,0
SI, GUYON AVENUE,0,0,0,0
QN, GUY R BREWER BLVD,0,0,0,0
QN, ATLANTIC AVENUE,0,0,0,0
BK, SUTTER AVENUE,0,0,0,0
QN, REVIEW AVENUE,0,0,0,0
QN, SPRINGFIELD BLVD,0,0,0,0
SI, NORTH RAILROAD AVE,0,0,0,0
QN,21 STREET,0,0,0,0
BX, LEBANON STREET,0,0,0,0
BK, FRANKLIN AVENUE,0,0,0,0
QN,204-30 JAMAICA AVENUE,0,0,0,0
QN,222 STREET,0,0,0,0
SI, DELAWARE AVENUE,0,0,0,0
BX, HUNTS POINT AVENUE,0,0,0,0
QN, FAR ROCKAWAY BLVD,0,0,0,0
BX, LONGFELLOW AVENUE,0,0,0,0
QN, NORTH CONDUIT AVENUE,0,0,0,0
QN, MADISON STREET,0,0,0,0
QN, BESSEMER STREET,0,0,0,0
MN,327 EAST 63 STREET,0,0,0,0
QN,38-23 55 STREET,0,0,0,0
BK,EAST 80 STREET,0,0,0,0
BX, LONGFELLOW AVENUE,0,0,0,0
QN, MOTT AVENUE,0,0,0,0
QN, BROOKVILLE BOULEVARD,0,0,0,0
QN,57 STREET,0,0,0,0
QN, AUSTIN STREET,0,0,0,0
MN,3775 9 AVENUE,0,0,0,0
QN,34-28 COLLEGE POINT BLVD,0,0,0,0
QN, SPRINGFIELD BLVD,0,0,0,0
SI, MARGO LOOP,0,0,0,0
SI, NORTH RAILROAD AVE,0,0,0,0
SI, AMBOY ROAD,0,0,0,0
SI, WILD AVENUE,0,0,0,0
QN,121 STREET,0,0,0,0
BK,8 AVENUE,0,0,0,0
QN,108 STREET,0,0,0,0
QN,222 STREET,0,0,0,0
QN, BEDELL STREET,0,0,0,0
MN,608 WEST 175 STREET,0,0,0,0
MN,WEST 203 STREET,0,0,0,0
SI, BAYVIEW AVENUE,0,0,0,0
SI, STUYVESANT AVENUE,0,0,0,0
QN, SOUTH CONDUIT AVENUE,0,0,0,0
QN, LIBERTY AVENUE,0,0,0,0
SI,219 ELLIS STREET,0,0,0,0
QN,129 AVENUE,0,0,0,0
QN,109 STREET,0,0,0,0
BX, MELVILLE STREET,0,0,0,0
BX,1211 GRANDVIEW PLACE,0,0,0,0
QN, HILLSIDE AVENUE,0,0,0,0
SI, ZOE STREET,0,0,0,0
BX,2885 JEROME AVENUE,0,0,0,0
SI, VERNON AVENUE,0,0,0,0
MN, DYER AVENUE,0,0,0,0
BX,366 EAST 150 STREET,0,0,0,0
BX,,0,0,0,0
QN, SUNRISE HIGHWAY,0,0,0,0
BK,49 STREET,0,0,0,0
QN,45-20 48 STREET,0,0,0,0
QN,56 STREET,0,0,0,0
SI,45 SEGUINE AVENUE,0,0,0,0
QN, OTTO ROAD,0,0,0,0
QN,81-09 LEFFERTS BOULEVARD,0,0,0,0
QN,39 AVENUE,0,0,0,0
QN,58 STREET,0,0,0,0
QN,71 AVENUE,0,0,0,0
QN,57 AVENUE,0,0,0,0
SI, ARDEN AVENUE,0,0,0,0
BK,676 ATLANTIC AVENUE,0,0,0,0
BK, OCEAN PARKWAY,0,0,0,0
BK,26 STREET,0,0,0,0
BX,WEST 230 STREET,0,0,0,0
BK, JUNIUS STREET,0,0,0,0
SI, ARMSTRONG AVENUE,0,0,0,0
BX,320 LACONIA AVENUE,0,0,0,0
SI, HUGUENOT AVENUE,0,0,0,0
SI, THOMPSON STREET,0,0,0,0
QN, MOTT AVENUE,0,0,0,0
QN, ATLANTIC AVENUE,0,0,0,0
QN,140 AVENUE,0,0,0,0
BK, NEW UTRECHT AVENUE,0,0,0,0
BX, PAULDING AVENUE,0,0,0,0
QN,57 AVENUE,0,0,0,0
BX,EAST 141 STREET,0,0,0,0
SI, LEONELLO LANE,0,0,0,0
MN,50 THAYER STREET,0,0,0,0
QN,91 AVENUE,0,0,0,0
QN,160 STREET,0,0,0,0
QN,BEACH 88 STREET,0,0,0,0
QN,170 STREET,0,0,0,0
BK, AVENUE U,0,0,0,0
QN,45 AVENUE,0,0,0,0
SI, MOSEL LOOP,0,0,0,0
QN, LAUREL HILL BLVD,0,0,0,0
QN,158 AVENUE,0,0,0,0
QN, UNION TURNPIKE,0,0,0,0
QN,30 AVENUE,0,0,0,0
QN,89 AVENUE,0,0,0,0
QN,101 STREET,0,0,0,0
QN, CROSS BAY BOULEVARD,0,0,0,0
QN, SOUTH CONDUIT AVENUE,0,0,0,0
QN, ALDERTON STREET,0,0,0,0
QN,64 ROAD,0,0,0,0
QN,73 AVENUE,0,0,0,0
SI, CHALLENGER DRIVE,0,0,0,0
QN,63 DRIVE,0,0,0,0
QN, NORTH CONDUIT AVENUE,0,0,0,0
QN,230 STREET,0,0,0,0
QN,102 STREET,0,0,0,0
QN, ATLANTIC AVENUE,0,0,0,0
QN, ATLANTIC AVENUE,0,0,0,0
MN,1 TERRACE VIEW AVENUE,0,0,0,0
QN,216 STREET,0,0,0,0
QN,164 STREET,0,0,0,0
QN,161 STREET,0,0,0,0
BX,1260 RYAWA AVENUE,0,0,0,0
QN,164-44 109 AVENUE,0,0,0,0
QN,214-01 89 AVENUE,0,0,0,0
QN,10 AVENUE,0,0,0,0
SI,1801 RICHMOND TERRACE,0,0,0,0
QN,108 AVENUE,0,0,0,0
QN,164-27 110 AVENUE,0,0,0,0
QN,101-19 120 STREET,0,0,0,0
QN,164-11 109 DRIVE,0,0,0,0
QN, BERRIAN BOULEVARD,0,0,0,0
QN,78-23 164 STREET,0,0,0,0
BK,12266 FLATLANDS AVENUE,0,0,0,0
MN, F D R DRIVE,0,0,0,0
QN,106 ROAD,0,0,0,0
MN, NORTH RIVER DRIVE,0,0,0,0
QN,193 STREET,0,0,0,0
QN,118-50 128 STREET,0,0,0,0
QN, ROCKAWAY BEACH BLVD,0,0,0,0
QN, EDGEMERE AVENUE,0,0,0,0
QN,BEACH 80 STREET,0,0,0,0
QN, FAR ROCKAWAY BLVD,0,0,0,0
QN, CORNAGA AVENUE,0,0,0,0
QN,12 ROAD,0,0,0,0
QN, FAR ROCKAWAY BLVD,0,0,0,0
QN, ROCKAWAY BEACH BLVD,0,0,0,0
QN, CRYDERS LANE,0,0,0,0
MN,505 WEST 52 STREET,0,0,0,0
MN, WARDS ISLAND,0,0,0,0
MN,266 WEST 96 STREET,0,0,0,0
QN,BEACH 84 STREET,0,0,0,0
QN, ROCKAWAY BEACH BLVD,0,0,0,0
BX, WALTON AVENUE,0,0,0,0
BX, MAJ WM DEEGAN BLVD,0,0,0,0
BX, PALISADE AVENUE,0,0,0,0
BX, BULLARD AVENUE,0,0,0,0
MN, HARLEM RIVER DRIVE,0,0,0,0
BX,WEST 192 STREET,0,0,0,0
BX, CROSS BRONX EXPWY,0,0,0,0
BX,EAST 158 STREET,0,0,0,0
BX, PARK AVENUE,0,0,0,0
BX, PARK AVENUE,0,0,0,0
BX,,0,0,0,0
BX,EAST 149 STREET,0,0,0,0
BX, PARK AVENUE,0,0,0,0
BX,WEST 192 STREET,0,0,0,0
BX,EAST 135 STREET,0,0,0,0
BX,EAST 149 STREET,0,0,0,0
SI, NARROWS ROAD SOUTH,0,0,0,0
SI, WAVE STREET,0,0,0,0
BX,,0,0,0,0
QN, HOOK CREEK BOULEVARD,0,0,0,0
QN, SOUTH CONDUIT AVENUE,0,0,0,0
QN, LAURELTON PARKWAY,0,0,0,0
QN, NORTH CONDUIT AVENUE,0,0,0,0
QN, SOUTH CONDUIT AVENUE,0,0,0,0
BX,,0,0,0,0
QN, SUNRISE HIGHWAY,0,0,0,0
QN, SUNRISE HIGHWAY,0,0,0,0
BX,,0,0,0,0
QN, SOUTH CONDUIT AVENUE,0,0,0,0
QN, NORTH CONDUIT AVENUE,0,0,0,0
BK,101 19 STREET,0,0,0,0
QN,177-01 109 AVENUE,0,0,0,0
QN, SUNRISE HIGHWAY,0,0,0,0
BK, KNAPP STREET,0,0,0,0
QN,45 AVENUE,0,0,0,0
QN,89-10 ROCKAWAY FREEWAY,0,0,0,0
QN,105-20 ROCKAWAY FREEWAY,0,0,0,0
QN,BEACH 105 STREET,0,0,0,0
SI, DAVIS AVENUE,0,0,0,0
QN, CROSS BAY PARKWAY,0,0,0,0
SI, ARTHUR KILL ROAD,0,0,0,0
QN,34 ROAD,0,0,0,0
QN,44 AVENUE,0,0,0,0
QN,7 AVENUE,0,0,0,0
QN, BELLAIRE PLACE,0,0,0,0
QN, FAR ROCKAWAY BLVD,0,0,0,0
QN, NASHVILLE BOULEVARD,0,0,0,0
SI, HARBOR ROAD,0,0,0,0
QN,BEACH 75 STREET,0,0,0,0
QN,1 STREET,0,0,0,0
BK,12 STREET,0,0,0,0
QN, SKILLMAN AVENUE,0,0,0,0
QN, METROPOLITAN AVENUE,0,0,0,0
BX, WESTCHESTER AVENUE,0,0,0,0
BK, LINCOLN AVENUE,0,0,0,0
QN, SHORTHILL ROAD,0,0,0,0
QN,89-09 ROOSEVELT AVENUE,0,0,0,0
BK,6617 BAY PARKWAY,0,0,0,0
QN,50 AVENUE,0,0,0,0
QN,238 BEACH 116 STREET,0,0,0,0
BK, AVENUE M,0,0,0,0
BX,4000 IRWIN AVENUE,0,0,0,0
BX, GIVAN AVENUE,0,0,0,0
BK,70 SOUTH 6 STREET,0,0,0,0
BK,8 AVENUE,0,0,0,0
BK, DITMAS AVENUE,0,0,0,0
BK, PARK PLACE,0,0,0,0
BK, LEFFERTS PLACE,0,0,0,0
BK, AVENUE V,0,0,0,0
BK, AVENUE X,0,0,0,0
QN, FREMONT STREET,0,0,0,0
BK, FARRAGUT ROAD,0,0,0,0
BX, BRONX RIVER PARKWAY,0,0,0,0
BX, GIVAN AVENUE,0,0,0,0
BK,154 HIGHLAWN AVENUE,0,0,0,0
MN,10 AVENUE,0,0,0,0
BX, BYRON AVENUE,0,0,0,0
QN,60 LANE,0,0,0,0
BK,6419 NEW UTRECHT AVENUE,0,0,0,0
BX, MATTHEWS AVENUE,0,0,0,0
BK, AVENUE S,0,0,0,0
BK, COOK COURT,0,0,0,0
BX,1496 BENSON STREET,0,0,0,0
BK, ST PAULS PLACE,0,0,0,0
QN,105-09 76 AVENUE,0,0,0,0
QN,98-02 LIBERTY AVENUE,0,0,0,0
BK, DREW STREET,0,0,0,0
BK,7 AVENUE,0,0,0,0
BK, VERNON AVENUE,0,0,0,0
BK, MYRTLE AVENUE,0,0,0,0
BK, DREW STREET,0,0,0,0
BX, WATERS PLACE,0,0,0,0
QN, FOREST AVENUE,0,0,0,0
BK,6313 17 AVENUE,0,0,0,0
QN, BEACH CHANNEL DRIVE,0,0,0,0
BK, FOSTER AVENUE,0,0,0,0
BK, LINCOLN ROAD,0,0,0,0
BK, AVENUE Z,0,0,0,0
BK, SHORE PARKWAY,0,0,0,0
BK, AVENUE O,0,0,0,0
QN,133 AVENUE,0,0,0,0
BK,851 AVENUE I,0,0,0,0
QN, SUNRISE HIGHWAY,0,0,0,0
BX, WATERS PLACE,0,0,0,0
BK,416 89 STREET,0,0,0,0
BK,2731 WEST 12 STREET,0,0,0,0
BK, BEVERLY ROAD,0,0,0,0
BX, DEWITT PLACE,0,0,0,0
BK,1508 KINGS HIGHWAY,0,0,0,0
BK, AVENUE Z,0,0,0,0
QN, BEACH CHANNEL DRIVE,0,0,0,0
BX, COOPER AVENUE,0,0,0,0
QN, FAR ROCKAWAY BLVD,0,0,0,0
BK,EAST 16 STREET,0,0,0,0
BK,3801 NEW UTRECHT AVENUE,0,0,0,0
QN,103-54 99 STREET,0,0,0,0
QN,80-22 JAMAICA AVENUE,0,0,0,0
QN,159 STREET,0,0,0,0
QN,132 STREET,0,0,0,0
BK, ROCKAWAY AVENUE,0,0,0,0
MN,46 CLIFF STREET,0,0,0,0
BK, AVENUE N,0,0,0,0
QN,149 AVENUE,0,0,0,0
MN,1782 LEXINGTON AVENUE,0,0,0,0
BX,4510 FURMAN AVENUE,0,0,0,0
BK, UNION STREET,0,0,0,0
QN, PITKIN AVENUE,0,0,0,0
QN, PITKIN AVENUE,0,0,0,0
QN, PALMETTO STREET,0,0,0,0
BK, DORCHESTER ROAD,0,0,0,0
BK, LINCOLN PLACE,0,0,0,0
BK, NEPTUNE AVENUE,0,0,0,0
BX, MORRIS PARK AVENUE,0,0,0,0
BK, AVENUE R,0,0,0,0
QN, HORACE HARDING EXPWY,0,0,0,0
BK,EAST 16 STREET,0,0,0,0
BX,EAST 177 STREET,0,0,0,0
BK, AVENUE K,0,0,0,0
BK,1518 CORTELYOU ROAD,0,0,0,0
BK,EAST 106 STREET,0,0,0,0
QN,99 STREET,0,0,0,0
QN, BEACH CHANNEL DRIVE,0,0,0,0
BX,EAST 180 STREET,0,0,0,0
BX, BOSTON ROAD,0,0,0,0
BK, AVENUE U,0,0,0,0
BX, BLONDELL AVENUE,0,0,0,0
BX, RIVER AVENUE,0,0,0,0
MN,421 EAST 42 STREET,0,0,0,0
BK,19 AVENUE,0,0,0,0
BK, AVENUE P,0,0,0,0
BK,258 FURMAN STREET,0,0,0,0
BK,11 AVENUE,0,0,0,0
BK, VAN SINDEREN AVENUE,0,0,0,0
BX, KINGSLAND AVENUE,0,0,0,0
BX,EAST 222 STREET,0,0,0,0
BK, LUQUER STREET,0,0,0,0
BX,2167 WHITE PLAINS ROAD,0,0,0,0
BK,65 STREET,0,0,0,0
QN,,0,0,0,0
BX, BULLARD AVENUE,0,0,0,0
BK, VAN SINDEREN AVENUE,0,0,0,0
QN,BEACH 96 STREET,0,0,0,0
QN,23 AVENUE,0,0,0,0
BX, BULLARD AVENUE,0,0,0,0
QN, WAINWRIGHT COURT,0,0,0,0
QN,BEACH 102 STREET,0,0,0,0
QN,BEACH 25 STREET,0,0,0,0
QN, FAR ROCKAWAY BLVD,0,0,0,0
SI, NORTH RAILROAD AVE,0,0,0,0
QN,51 AVENUE,0,0,0,0
QN,149 AVENUE,0,0,0,0
QN,BEACH 98 STREET,0,0,0,0
QN,BEACH 97 STREET,0,0,0,0
SI, FISHER AVENUE,0,0,0,0
QN,BEACH 86 STREET,0,0,0,0
QN, JAVA PLACE,0,0,0,0
QN,146 STREET,0,0,0,0
QN,BEACH 97 STREET,0,0,0,0
BK, METROPOLITAN AVENUE,0,0,0,0
QN,38 ROAD,0,0,0,0
QN, NORTH CONDUIT AVENUE,0,0,0,0
QN,7 AVENUE,0,0,0,0
SI, BENTLEY STREET,0,0,0,0
BX, ROSE FEISS BOULEVARD,0,0,0,0
BX, BRUCKNER BOULEVARD,0,0,0,0
QN,BEACH 68 STREET,0,0,0,0
QN,159 STREET,0,0,0,0
MN,441 WEST 40 STREET,0,0,0,0
MN,448 WEST 34 STREET,0,0,0,0
MN, RIVERSIDE DRIVE,0,0,0,0
SI, HOLLAND AVENUE,0,0,0,0
SI, LOCKMAN AVENUE,0,0,0,0
SI, LAKE AVENUE,0,0,0,0
SI, RICHMOND TERRACE,0,0,0,0
SI, NORTH STREET,0,0,0,0
SI, WAVE STREET,0,0,0,0
SI, IRVING PLACE,0,0,0,0
SI, VAN NAME AVENUE,0,0,0,0
SI, GROVE AVENUE,0,0,0,0
SI, RICHMOND TERRACE,0,0,0,0
SI, RIVER ROAD,0,0,0,0
SI, RICHMOND TERRACE,0,0,0,0
SI, RICHMOND TERRACE,0,0,0,0
SI, DE HART AVENUE,0,0,0,0
SI, LEYDEN AVENUE,0,0,0,0
BK,2 AVENUE,0,0,0,0
SI, WINANT STREET,0,0,0,0
SI, RICHMOND TERRACE,0,0,0,0
SI, RICHMOND TERRACE,0,0,0,0
SI, MC KINLEY AVENUE,0,0,0,0
SI, RICHMOND AVENUE,0,0,0,0
SI, NICHOLAS AVENUE,0,0,0,0
QN, FARMERS BOULEVARD,0,0,0,0
MN,89 EAST 42ND STREET,0,0,0,0
QN, FARMERS BOULEVARD,0,0,0,0
SI, WIRT AVENUE,0,0,0,0
QN, SPRINGFIELD BLVD,0,0,0,0
BK, VAN SINDEREN AVENUE,0,0,0,0
BX, WEBSTER AVENUE,0,0,0,0
SI, ARLO ROAD,0,0,0,0
QN, PARSONS BOULEVARD,0,0,0,0
BK, CARROLL STREET,0,0,0,0
BK, CARROLL STREET,0,0,0,0
SI, SPERRY PLACE,0,0,0,0
MN,507 EAST 59 STREET,0,0,0,0
BX, EDGEWATER ROAD,0,0,0,0
QN,91 PLACE,0,0,0,0
BK, REMSEN AVENUE,0,0,0,0
QN, SKILLMAN AVENUE,0,0,0,0
QN, LINDEN BOULEVARD,0,0,0,0
QN, ARION ROAD,0,0,0,0
QN,120 AVENUE,0,0,0,0
QN,96 STREET,0,0,0,0
MN, BROADWAY,0,0,0,0
QN,,0,0,0,0
QN, EDGEMERE AVENUE,0,0,0,0
MN,70 WATER STREET,0,0,0,0
QN,208 PLACE,0,0,0,0
BK,15 AVENUE,0,0,0,0
MN,44 EAST 50 STREET,0,0,0,0
MN, RIVERSIDE DRIVE,0,0,0,0
BK,,0,0,0,0
MN,WEST 225 STREET,0,0,0,0
SI, DARLINGTON AVENUE,0,0,0,0
BX, MAJ WM DEEGAN BLVD,0,0,0,0
MN,165 ESSEX STREET,0,0,0,0
BX, PARK AVENUE,0,0,0,0
BX, JEROME AVENUE,0,0,0,0
QN,23 STREET,0,0,0,0
BX, AMETHYST STREET,0,0,0,0
BX, BOLLER AVENUE,0,0,0,0
BX, BURKE AVENUE,0,0,0,0
QN,133-01 120 AVENUE,0,0,0,0
BK, CONWAY STREET,0,0,0,0
BK,EAST 18 STREET,0,0,0,0
MN,439 WEST 37 STREET,0,0,0,0
QN, LINDEN BOULEVARD,0,0,0,0
BK,37 STREET,0,0,0,0
QN, LEFFERTS BOULEVARD,0,0,0,0
SI, VAN PELT AVENUE,0,0,0,0
BK,10 AVENUE,0,0,0,0
QN,54 STREET,0,0,0,0
BK, ASHLAND PLACE,0,0,0,0
BK,1518 ST MARKS AVENUE,0,0,0,0
BK,57 STREET,0,0,0,0
QN,180 STREET,0,0,0,0
BK,EAST 98 STREET,0,0,0,0
BK,WEST 9 STREET,0,0,0,0
BK,62 STREET,0,0,0,0
BK,1517 NEWKIRK AVENUE,0,0,0,0
BK, NEWKIRK AVENUE,0,0,0,0
BK,17 AVENUE,0,0,0,0
BK,EAST 14 STREET,0,0,0,0
BK,EAST 18 STREET,0,0,0,0
QN,206 STREET,0,0,0,0
BK, NEPTUNE AVENUE,0,0,0,0
BK,WEST 8 STREET,0,0,0,0
BK, WALDORF COURT,0,0,0,0
QN,141 AVENUE,0,0,0,0
QN,113-30 FRANCIS LEWIS BLVD,0,0,0,0
BK,EAST 66 STREET,0,0,0,0
BK,86 STREET,0,0,0,0
QN,49 AVENUE,0,0,0,0
QN, HAWTREE BASIN,0,0,0,0
QN, MARTENSE AVENUE,0,0,0,0
QN,65 PLACE,0,0,0,0
QN, UNION TURNPIKE,0,0,0,0
BK,EAST 45 STREET,0,0,0,0
QN, BROADWAY,0,0,0,0
QN,41 AVENUE,0,0,0,0
QN,98 STREET,0,0,0,0
QN,135 AVENUE,0,0,0,0
SI, MOSEL AVENUE,0,0,0,0
SI, GEO COURT,0,0,0,0
MN,WEST 145 STREET,0,0,0,0
QN,58 STREET,0,0,0,0
QN, HILLSIDE AVENUE,0,0,0,0
QN, SUMMER STREET,0,0,0,0
BK,265 KINGS HIGHWAY,0,0,0,0
SI,42 NEW DORP LANE,0,0,0,0
BK,24 STREET,0,0,0,0
BX,3835 BOSTON ROAD,0,0,0,0
MN,WEST 38 STREET,0,0,0,0
SI, MOSEL AVENUE,0,0,0,0
BK, LIVONIA AVENUE,0,0,0,0
QN,172-02 129 AVENUE,0,0,0,0
QN,71 STREET,0,0,0,0
QN,139-26I 85 DRIVE,0,0,0,0
QN,230 STREET,0,0,0,0
MN, WASHINGTON STREET,0,0,0,0
QN,50-14 98 STREET,0,0,0,0
BK, UTICA AVE,0,0,0,0
SI,1149 RICHMOND TERRACE,0,0,0,0
QN,39 ROAD,0,0,0,0
BK,475 FLATBUSH AVENUE,0,0,0,0
BX,WEST 238 STREET,0,0,0,0
QN, BURNS STREET,0,0,0,0
SI, DELL COURT,0,0,0,0
QN, ROCKAWAY BEACH BLVD,0,0,0,0
BX, LACONIA AVENUE,0,0,0,0
QN, POWER ROAD,0,0,0,0
BK,WEST 32 STREET,0,0,0,0
BK,WEST 8 STREET,0,0,0,0
SI, ANACONDA STREET,0,0,0,0
QN, BURNS STREET,0,0,0,0
QN,88 AVENUE,0,0,0,0
QN,159 STREET,0,0,0,0
QN,69 STREET,0,0,0,0
SI, HYLAN BOULEVARD,0,0,0,0
BK,1714 MCDONALD AVENUE,0,0,0,0
QN, GUY R BREWER BLVD,0,0,0,0
QN, CROSS ISLAND PARKWAY,0,0,0,0
QN, NORTH CONDUIT AVENUE,0,0,0,0
SI, AMBOY ROAD,0,0,0,0
QN, SOUTH CONDUIT AVENUE,0,0,0,0
MN,701 WEST 135 STREET,0,0,0,0
QN,BEACH 64 STREET,0,0,0,0
SI, RICHMOND TERRACE,0,0,0,0
BK,EAST 7 STREET,0,0,0,0
BX, PARK AVENUE,0,0,0,0
BK,WEST 33 STREET,0,0,0,0
BK,54 STREET,0,0,0,0
QN,251 STREET,0,0,0,0
QN,54-02 BROADWAY,0,0,0,0
QN,112 ROAD,0,0,0,0
BX,4713A INDEPENDENCE AVENUE,0,0,0,0
SI, HIRSCH LANE,0,0,0,0
BK, FULTON STREET,0,0,0,0
BX, WHITE PLAINS ROAD,0,0,0,0
BK,7 AVENUE,0,0,0,0
QN, NORTH CONDUIT AVENUE,0,0,0,0
BK,27 STREET,0,0,0,0
SI, RICHMOND TERRACE,0,0,0,0
QN, SOUTH CONDUIT AVENUE,0,0,0,0
QN, DOWNING STREET,0,0,0,0
QN,49 AVENUE,0,0,0,0
QN, OCEAN CREST BLVD,0,0,0,0
QN, SUNRISE HIGHWAY,0,0,0,0
QN,159 STREET,0,0,0,0
SI, DE HART AVENUE,0,0,0,0
SI, EAGAN AVENUE,0,0,0,0
QN,133 STREET,0,0,0,0
QN, FARMERS BOULEVARD,0,0,0,0
QN, WOODSIDE AVENUE,0,0,0,0
QN,140 AVENUE,0,0,0,0
QN,233 STREET,0,0,0,0
QN, BELKNAP STREET,0,0,0,0
QN, BELKNAP STREET,0,0,0,0
QN, SPRINGFIELD BLVD,0,0,0,0
QN,19 STREET,0,0,0,0
BX, WATERS PLACE,0,0,0,0
BK,EAST 3 STREET,0,0,0,0
BK, EAST NEW YORK AVENUE,0,0,0,0
SI, PROSPECT STREET,0,0,0,0
QN, NATIONAL STREET,0,0,0,0
BX, PARK AVENUE,0,0,0,0
MN, TERRACE VIEW AVENUE,0,0,0,0
QN, BORDEN AVENUE,0,0,0,0
SI, MOSEL AVENUE,0,0,0,0
QN,180 STREET,0,0,0,0
QN, SKILLMAN AVENUE,0,0,0,0
MN, RIVERSIDE PARK,0,0,0,0
QN,15-02 FAR ROCKAWAY BLVD,0,0,0,0
QN,161 STREET,0,0,0,0
SI,2086 CLOVE ROAD,0,0,0,0
QN,12 ROAD,0,0,0,0
QN,159 STREET,0,0,0,0
QN, CONCH PLACE,0,0,0,0
QN, FOREST AVENUE,0,0,0,0
SI, EATON PLACE,0,0,0,0
BK,15 AVENUE,0,0,0,0
SI, WINANT STREET,0,0,0,0
SI, GRANITE AVENUE,0,0,0,0
MN, BODY OF WATER,0,0,0,0
BX,WEST 167 STREET,0,0,0,0
MN,230 AVENUE C,0,0,0,0
QN,31 ROAD,0,0,0,0
SI, COUNTRY DRIVE WEST,0,0,0,0
BK,WEST 8 STREET,0,0,0,0
BK, NEWPORT STREET,0,0,0,0
SI, CLOVE ROAD,0,0,0,0
BX,461 MORRIS PARK AVENUE,0,0,0,0
QN,36 AVENUE,0,0,0,0
BX, METROPOLITAN AVENUE,0,0,0,0
SI, SHERIDAN AVENUE,0,0,0,0
SI, PARKINSON AVENUE,0,0,0,0
SI, STRAWBERRY LANE,0,0,0,0
QN, TOTTEN STREET,0,0,0,0
QN, LAUREL HILL BLVD,0,0,0,0
MN,150 WEST 16 STREET,0,0,0,0
MN,610 WEST 48 STREET,0,0,0,0
SI, RAILROAD AVENUE,0,0,0,0
BX, MAJ WM DEEGAN BLVD,0,0,0,0
QN,109 AVENUE,0,0,0,0
MN, HILLSIDE AVENUE,0,0,0,0
SI, MOSEL AVENUE,0,0,0,0
BX, ROMBOUTS AVENUE,0,0,0,0
SI, WEST FINGERBOARD RD,0,0,0,0
QN,120 STREET,0,0,0,0
QN, ARCHWAY PLACE,0,0,0,0
QN, MILLS LANE,0,0,0,0
QN,144 STREET,0,0,0,0
BX,842 EAST 141 STREET,0,0,0,0
BX,EAST 183 STREET,0,0,0,0
BK, SMITH STREET,0,0,0,0
BK,48 SCHOLES STREET,0,0,0,0
SI, ELVERTON AVENUE,0,0,0,0
SI, DELMAR AVENUE,0,0,0,0
SI, MAZZA COURT,0,0,0,0
SI, SNEDEN AVENUE,0,0,0,0
QN, SENECA AVENUE,0,0,0,0
SI, JOHNSON AVENUE,0,0,0,0
QN, MIDTOWN TUN PLAZA,0,0,0,0
QN, MIDTOWN TUN PLAZA,0,0,0,0
QN,184-14 UNION TURNPIKE,0,0,0,0
QN,BEACH 42 STREET,0,0,0,0
QN,109-31 120 STREET,0,0,0,0
MN, AVENUE D,0,0,0,0
QN,140 AVENUE,0,0,0,0
QN,141 AVENUE,0,0,0,0
QN,219 STREET,0,0,0,0
SI, JEWETT AVENUE,0,0,0,0
SI, SEA GATE COURT,0,0,0,0
QN,39 AVENUE,0,0,0,0
QN, HORACE HARDING EXPWY,0,0,0,0
QN,130 STREET,0,0,0,0
SI, SOUTH RAILROAD AVE,0,0,0,0
SI, NORTH RAILROAD AVE,0,0,0,0
QN, NORTH CONDUIT AVENUE,0,0,0,0
SI,3839 RICHMOND AVENUE,0,0,0,0
QN,,0,0,0,0
SI,,0,0,0,0
SI, COLITA COURT,0,0,0,0
SI, LAMOKA AVENUE,0,0,0,0
QN, NORTH CONDUIT AVENUE,0,0,0,0
QN,23 AVENUE,0,0,0,0
SI, MARSH AVENUE,0,0,0,0
BX, CONNER STREET,0,0,0,0
QN,34-29 LAWRENCE STREET,0,0,0,0
QN,133-15 ROOSEVELT AVENUE,0,0,0,0
BX,EAST 150 STREET,0,0,0,0
QN, UNION STREET,0,0,0,0
BX,WEST 238 STREET,0,0,0,0
QN, SUTPHIN BOULEVARD,0,0,0,0
QN, AUSTIN STREET,0,0,0,0
SI, ALVINE AVENUE,0,0,0,0
QN,111 AVENUE,0,0,0,0
SI, RICHMOND ROAD,0,0,0,0
SI, WIRT LANE,0,0,0,0
SI, HYLAN BOULEVARD,0,0,0,0
SI, CASWELL LANE,0,0,0,0
BX, HARPER COURT,0,0,0,0
QN, ATLANTIC AVENUE,0,0,0,0
BX,2373 TIEBOUT AVENUE,0,0,0,0
QN,77 STREET,0,0,0,0
SI,85L FREEDOM AVENUE,0,0,0,0
SI, ANDROS AVENUE,0,0,0,0
SI, MERSEREAU AVENUE,0,0,0,0
QN,170 STREET,0,0,0,0
QN, LORETTA ROAD,0,0,0,0
QN,47 AVENUE,0,0,0,0
SI, ZOE STREET,0,0,0,0
QN,104 STREET,0,0,0,0
BX, VAN BUREN STREET,0,0,0,0
BX, EAST TREMONT AVENUE,0,0,0,0
BX,810 BRADY AVENUE,0,0,0,0
BX, PALISADE AVENUE,0,0,0,0
SI, VICTORY BOULEVARD,0,0,0,0
QN,BEACH 96 STREET,0,0,0,0
QN,175 STREET,0,0,0,0
SI, DE HART AVENUE,0,0,0,0
SI, BUEL AVENUE,0,0,0,0
QN,75 STREET,0,0,0,0
SI, EATON PLACE,0,0,0,0
BK,51 STREET,0,0,0,0
QN, OTTO ROAD,0,0,0,0
BX, NELSON AVENUE,0,0,0,0
QN, NORTH CONDUIT AVENUE,0,0,0,0
MN,WEST 39 STREET,0,0,0,0
QN,120 AVENUE,0,0,0,0
QN, LAWRENCE STREET,0,0,0,0
QN,118 ROAD,0,0,0,0
QN,99 ROAD,0,0,0,0
QN,260 STREET,0,0,0,0
SI, HILLCREST COURT,0,0,0,0
MN,230 CHERRY STREET,0,0,0,0
SI, VAN PELT AVENUE,0,0,0,0
BX,EAST 181 STREET,0,0,0,0
BX, CRUGER AVENUE,0,0,0,0
QN, EVELETH ROAD,0,0,0,0
BK, HERKIMER STREET,0,0,0,0
BK,4 AVENUE,0,0,0,0
QN,BEACH 63 STREET,0,0,0,0
BK,218 RIVER STREET,0,0,0,0
BK,60 STREET,0,0,0,0
BK,741 ELTON STREET,0,0,0,0
SI, RICHMOND VALLEY ROAD,0,0,0,0
QN,BEACH 87 STREET,0,0,0,0
BX, HUNTS POINT AVENUE,0,0,0,0
QN,51 AVENUE,0,0,0,0
QN,92 AVENUE,0,0,0,0
QN, FAR ROCKAWAY BLVD,0,0,0,0
QN,154-18 CROSS ISLAND PARKWAY,0,0,0,0
SI, MORNINGSTAR ROAD,0,0,0,0
QN, NASSAU BOULEVARD,0,0,0,0
QN, RAILROAD AVENUE,0,0,0,0
SI, DE HART AVENUE,0,0,0,0
SI, NEW DORP LANE,0,0,0,0
BX, HARLEM RIVER TERRACE,0,0,0,0
MN,WEST 35 STREET,0,0,0,0
BX, GRAND CONCOURSE,0,0,0,0
QN,267-08 UNION TURNPIKE,0,0,0,0
BX,EAST 172 STREET,0,0,0,0
QN,115 STREET,0,0,0,0
QN,56 STREET,0,0,0,0
BK, VAN SINDEREN AVENUE,0,0,0,0
QN, HILLSIDE AVENUE,0,0,0,0
BK,1751 WEST 1 STREET,0,0,0,0
QN,44 AVENUE,0,0,0,0
BK, AVENUE U,0,0,0,0
MN, BROADWAY,0,0,0,0
QN,159 AVENUE,0,0,0,0
QN, BROADWAY,0,0,0,0
BK, HEGEMAN AVENUE,0,0,0,0
SI, SAVO LANE,0,0,0,0
QN, NORTH CONDUIT AVENUE,0,0,0,0
QN, MIDDLEMAY PLACE,0,0,0,0
QN,161-44 84 AVENUE,0,0,0,0
SI,355 FOREST AVENUE,0,0,0,0
BK, EAST NEW YORK AVENUE,0,0,0,0
BK, BELMONT AVENUE,0,0,0,0
QN,BEACH 91 STREET,0,0,0,0
QN,3 AVENUE,0,0,0,0
SI, ESSEX DRIVE,0,0,0,0
SI, AVON LANE,0,0,0,0
BK,64 STREET,0,0,0,0
SI, MERSEREAU AVENUE,0,0,0,0
QN, ROCKAWAY BEACH BLVD,0,0,0,0
SI, ARTHUR KILL ROAD,0,0,0,0
SI, CLAUDIA COURT,0,0,0,0
QN, NORTHERN BOULEVARD,0,0,0,0
QN, VERNON BOULEVARD,0,0,0,0
SI, LAMOKA AVENUE,0,0,0,0
SI, MC KINLEY AVENUE,0,0,0,0
BK,1511 KINGS HIGHWAY,0,0,0,0
BK, HUDSON AVENUE,0,0,0,0
QN,41 AVENUE,0,0,0,0
QN,69 STREET,0,0,0,0
QN,43-05 BELL BOULEVARD,0,0,0,0
BK, NEPTUNE AVENUE,0,0,0,0
SI, GARRETSONS LANE,0,0,0,0
SI, BAY STREET,0,0,0,0
SI, SHARROTT AVENUE,0,0,0,0
QN,29 STREET,0,0,0,0
MN,122 PARK ROW,0,0,0,0
BK, OCEAN AVENUE,0,0,0,0
BX,3 AVENUE,0,0,0,0
SI, GIFFORDS LANE,0,0,0,0
QN,128 DRIVE,0,0,0,0
QN,31 STREET,0,0,0,0
QN,14 AVENUE,0,0,0,0
QN, MERRICK BOULEVARD,0,0,0,0
BK, AVENUE K,0,0,0,0
QN,224 STREET,0,0,0,0
SI, WILLOW AVENUE,0,0,0,0
BK, CENTRAL AVENUE,0,0,0,0
BK,EAST 94 STREET,0,0,0,0
SI, JOHN STREET,0,0,0,0
SI, ELLIS STREET,0,0,0,0
QN, SUNRISE HIGHWAY,0,0,0,0
QN,BEACH 25 STREET,0,0,0,0
QN,,0,0,0,0
SI, DREYER AVENUE,0,0,0,0
QN, MADISON STREET,0,0,0,0
QN,120 STREET,0,0,0,0
MN,214 AVENUE C,0,0,0,0
BK, POST COURT,0,0,0,0
BX,584 EAST 138 STREET,0,0,0,0
BK,49 GOLD STREET,0,0,0,0
QN, BEACH CHANNEL DRIVE,0,0,0,0
BK,5 AVENUE,0,0,0,0
QN,63 DRIVE,0,0,0,0
QN,47 AVENUE,0,0,0,0
BX, BALDWIN STREET,0,0,0,0
QN, BORDEN AVENUE,0,0,0,0
QN, NORTH CONDUIT AVENUE,0,0,0,0
SI, TRAVIS AVENUE,0,0,0,0
QN,,0,0,0,0
QN, EVERITT PLACE,0,0,0,0
SI, HANNAH STREET,0,0,0,0
BX, INDEPENDENCE AVENUE,0,0,0,0
SI, LORRAINE LOOP,0,0,0,0
BX, BRONX STREET,0,0,0,0
BX, WESTCHESTER AVENUE,0,0,0,0
BK,EAST 92 STREET,0,0,0,0
MN, MARGINAL STREET,0,0,0,0
BK,EAST 39 STREET,0,0,0,0
QN,26 AVENUE,0,0,0,0
QN,137-40 91 AVENUE,0,0,0,0
QN, SUTPHIN BOULEVARD,0,0,0,0
MN,108 EAST 19 STREET,0,0,0,0
QN,150 STREET,0,0,0,0
SI, NORTH RAILROAD AVE,0,0,0,0
QN,62 AVENUE,0,0,0,0
BX,954 EAST 134 STREET,0,0,0,0
QN, AUSTIN STREET,0,0,0,0
SI, ALTER AVENUE,0,0,0,0
SI, ILYSSA WAY,0,0,0,0
SI, TURNER STREET,0,0,0,0
QN,212 STREET,0,0,0,0
BK, FULTON STREET,0,0,0,0
BK, NEW UTRECHT AVENUE,0,0,0,0
QN, EDGEMERE AVENUE,0,0,0,0
BK, KINGS HIGHWAY,0,0,0,0
QN,94 STREET,0,0,0,0
SI, ELMWOOD PARK DRIVE,0,0,0,0
SI, WOLCOTT AVENUE,0,0,0,0
QN, FARMERS BOULEVARD,0,0,0,0
BK,382 SOUTH 3 STREET,0,0,0,0
SI, SIMONSON AVENUE,0,0,0,0
SI, FAIRLAWN AVENUE,0,0,0,0
SI, ZOE STREET,0,0,0,0
SI, BEDFORD AVENUE,0,0,0,0
QN,60 LANE,0,0,0,0
BX, BLACKSTONE AVENUE,0,0,0,0
QN,BEACH 88 STREET,0,0,0,0
QN,56 STREET,0,0,0,0
QN, POWER ROAD,0,0,0,0
QN,BEACH 98 STREET,0,0,0,0
SI, DEPPE PLACE,0,0,0,0
QN,616 WEST ROAD,0,0,0,0
SI, PRESENTATION CIRCLE,0,0,0,0
SI, JOLINE AVENUE,0,0,0,0
MN,77 MURRAY STREET,0,0,0,0
QN,30 AVENUE,0,0,0,0
SI, SUSANNA LANE,0,0,0,0
BK, LOUISIANA AVENUE,0,0,0,0
QN, NORTH CONDUIT AVENUE,0,0,0,0
SI, KUNATH AVENUE,0,0,0,0
SI, NORTH GANNON AVENUE,0,0,0,0
QN, JAVA PLACE,0,0,0,0
QN, SUNRISE HIGHWAY,0,0,0,0
QN, NORTH CONDUIT AVENUE,0,0,0,0
QN, BAISLEY BOULEVARD,0,0,0,0
QN, BAISLEY BOULEVARD,0,0,0,0
QN,BEACH 85 STREET,0,0,0,0
SI, NICHOLAS AVENUE,0,0,0,0
QN, UNION HALL STREET,0,0,0,0
QN, LEFFERTS BOULEVARD,0,0,0,0
BK, PROSPECT PLACE,0,0,0,0
QN,87-74 CHEVY CHASE STREET,0,0,0,0
QN,158 STREET,0,0,0,0
QN, LINDEN BOULEVARD,0,0,0,0
QN, MURDOCK AVENUE,0,0,0,0
QN,177 STREET,0,0,0,0
QN, GUY R BREWER BLVD,0,0,0,0
BK, LINDEN BOULEVARD,0,0,0,0
QN, NORTH CONDUIT AVENUE,0,0,0,0
QN, SUNRISE HIGHWAY,0,0,0,0
QN, SUNRISE HIGHWAY,0,0,0,0
QN, SUNRISE HIGHWAY,0,0,0,0
QN, BRINKERHOFF AVENUE,0,0,0,0
SI, BAY STREET,0,0,0,0
QN,44 AVENUE,0,0,0,0
BK, BROOKLYN AVENUE,0,0,0,0
QN, MONTAUK STREET,0,0,0,0
BK, OCEAN AVENUE,0,0,0,0
QN, BROOKVILLE BOULEVARD,0,0,0,0
QN, SOUTH CONDUIT AVENUE,0,0,0,0
QN, SOUTH CONDUIT AVENUE,0,0,0,0
QN, RAILROAD AVENUE,0,0,0,0
BK, AVENUE T,0,0,0,0
QN,212-06 NORTHERN BOULEVARD,0,0,0,0
SI, NICHOLAS AVENUE,0,0,0,0
SI,1165 RICHMOND TERRACE,0,0,0,0
BK, SNEDIKER AVENUE,0,0,0,0
QN, POWER ROAD,0,0,0,0
QN, JAVA PLACE,0,0,0,0
SI, LOCKMAN AVENUE,0,0,0,0
SI, MC KINLEY AVENUE,0,0,0,0
QN,BEACH 87 STREET,0,0,0,0
QN,BEACH 99 STREET,0,0,0,0
QN,197-14 MURDOCK AVENUE,0,0,0,0
MN,208 EAST 79 STREET,0,0,0,0
BK, FULTON STREET,0,0,0,0
QN, SPRINGFIELD BLVD,0,0,0,0
BX,3001 KINGSBRIDGE AVENUE,0,0,0,0
BK,865 LIVONIA AVENUE,0,0,0,0
QN,680 FAIRVIEW AVENUE,0,0,0,0
MN,380 CONVENT AVENUE,0,0,0,0
SI, FABER STREET,0,0,0,0
SI, IRVING PLACE,0,0,0,0
SI, HOUSMAN AVENUE,0,0,0,0
SI, SIMONSON AVENUE,0,0,0,0
SI, UNION AVENUE,0,0,0,0
QN,28 AVENUE,0,0,0,0
SI, BAY STREET,0,0,0,0
SI,160 WILCOX STREET,0,0,0,0
SI, BAY STREET,0,0,0,0
SI, HILLCREST TERRACE,0,0,0,0
SI, HYLAN BOULEVARD,0,0,0,0
QN,BEACH 98 STREET,0,0,0,0
QN,112 STREET,0,0,0,0
SI, MANILA PLACE,0,0,0,0
SI, RAILROAD AVENUE,0,0,0,0
SI,50 VAN RIPER STREET,0,0,0,0
SI, GUYON AVENUE,0,0,0,0
QN,73 AVENUE,0,0,0,0
SI,861 BAY STREET,0,0,0,0
SI, BREHAUT AVENUE,0,0,0,0
SI, BARNARD AVENUE,0,0,0,0
SI, NECKAR AVENUE,0,0,0,0
BK, LESTER COURT,0,0,0,0
BK, NOVA COURT,0,0,0,0
SI, KAY PLACE,0,0,0,0
SI, GREENFIELD AVENUE,0,0,0,0
SI, CHARLESTON AVENUE,0,0,0,0
QN,56 ROAD,0,0,0,0
SI,161 OLD TOWN ROAD,0,0,0,0
QN,29 STREET,0,0,0,0
QN,99 AVENUE,0,0,0,0
BK, VAN SINDEREN AVENUE,0,0,0,0
BK,18 AVENUE,0,0,0,0
MN,204 2 AVENUE,0,0,0,0
QN,133 AVENUE,0,0,0,0
QN, LINDEN BOULEVARD,0,0,0,0
SI, RAILROAD AVENUE,0,0,0,0
QN,21 STREET,0,0,0,0
SI, ANNADALE ROAD,0,0,0,0
BX, HARDING PARK,0,0,0,0
MN,3755 9 AVENUE,0,0,0,0
BX, WATSON AVENUE,0,0,0,0
BX, FENTON AVENUE,0,0,0,0
QN, POWELLS COVE BLVD,0,0,0,0
BK,358 TROY AVENUE,0,0,0,0
BK, PORTER AVENUE,0,0,0,0
SI,14 VICTORY BOULEVARD,0,0,0,0
BK, AVENUE X,0,0,0,0
QN, BORDEN AVENUE,0,0,0,0
QN,26 STREET,0,0,0,0
QN,21 STREET,0,0,0,0
QN, FRANCIS LEWIS BLVD,0,0,0,0
QN, SUNRISE HIGHWAY,0,0,0,0
QN,79 STREET,0,0,0,0
QN, LINDEN BOULEVARD,0,0,0,0
QN, NORTH CONDUIT AVENUE,0,0,0,0
QN,144-02 130 AVENUE,0,0,0,0
QN, GUY R BREWER BLVD,0,0,0,0
BX, SHERIDAN EXPRESSWAY,0,0,0,0
SI, LULU COURT,0,0,0,0
SI, SANDY LANE,0,0,0,0
MN,521 WEST 41 STREET,0,0,0,0
MN,151 EAST 97 STREET,0,0,0,0
MN,320 WEST 201 STREET,0,0,0,0
MN,7 AVENUE,0,0,0,0
QN, SOUTH CONDUIT AVENUE,0,0,0,0
BX, LANDING ROAD,0,0,0,0
BK, RALPH AVENUE,0,0,0,0
BK, FARRAGUT ROAD,0,0,0,0
QN, ARCHER AVENUE,0,0,0,0
QN, HAWTREE STREET,0,0,0,0
BX, ALLERTON AVENUE,0,0,0,0
BX, SHERIDAN EXPRESSWAY,0,0,0,0
BK,,0,0,0,0
QN,15 AVENUE,0,0,0,0
QN,99 AVENUE,0,0,0,0
QN, NORTH CONDUIT AVENUE,0,0,0,0
SI,94 STATE STREET,0,0,0,0
BK,2 AVENUE,0,0,0,0
BK,65 6 STREET,0,0,0,0
BK,8 AVENUE,0,0,0,0
BX,EAST 139 STREET,0,0,0,0
QN, SUTPHIN BOULEVARD,0,0,0,0
QN,BEACH 108 STREET,0,0,0,0
QN,25-40 BORDEN AVENUE,0,0,0,0
BX, MACOMBS DAM PARK,0,0,0,0
BX,4350 3 AVENUE,0,0,0,0
BX, LAFAYETTE AVENUE,0,0,0,0
BX, PARK AVENUE,0,0,0,0
SI, AMBOY ROAD,0,0,0,0
BK,EAST 87 STREET,0,0,0,0
QN, ATLANTIC AVENUE,0,0,0,0
QN, PITKIN AVENUE,0,0,0,0
BK, LINCOLN AVENUE,0,0,0,0
QN,80-18 ROCKAWAY BEACH BLVD,0,0,0,0
QN,BEACH 105 STREET,0,0,0,0
SI,24 ONTARIO AVENUE,0,0,0,0
SI, MINTHORNE STREET,0,0,0,0
QN,50 AVENUE,0,0,0,0
QN, BORAGE PLACE,0,0,0,0
BK,7 AVENUE,0,0,0,0
BK,1551 GATES AVENUE,0,0,0,0
BK, AVENUE X,0,0,0,0
QN,51 AVENUE,0,0,0,0
QN, ST FELIX AVENUE,0,0,0,0
SI, MOSEL AVENUE,0,0,0,0
QN,92 AVENUE,0,0,0,0
QN,149 AVENUE,0,0,0,0
BX,EAST 242 STREET,0,0,0,0
BK,EAST 100 STREET,0,0,0,0
BK, TURNBULL AVENUE,0,0,0,0
SI, HARBOR ROAD,0,0,0,0
BK,SOUTH 4 STREET,0,0,0,0
SI, SOUTH RAILROAD AVE,0,0,0,0
QN,19 STREET,0,0,0,0
QN, METROPOLITAN AVENUE,0,0,0,0
QN,2 STREET,0,0,0,0
QN,68 STREET,0,0,0,0
BK, LIVONIA AVENUE,0,0,0,0
BK,37 STREET,0,0,0,0
SI, MC KINLEY AVENUE,0,0,0,0
QN, ATLANTIC AVENUE,0,0,0,0
QN, ATLANTIC AVENUE,0,0,0,0
QN, ATLANTIC AVENUE,0,0,0,0
QN, ROCKAWAY BEACH BLVD,0,0,0,0
BK, MOFFAT STREET,0,0,0,0
SI, CLOVE ROAD,0,0,0,0
QN, WILLETS POINT BLVD,0,0,0,0
BK,BAY 16 STREET,0,0,0,0
QN,225 STREET,0,0,0,0
QN,135 DRIVE,0,0,0,0
QN,149 AVENUE,0,0,0,0
QN,91 AVENUE,0,0,0,0
QN, SUNRISE HIGHWAY,0,0,0,0
QN, SUNRISE HIGHWAY,0,0,0,0
QN,149 AVENUE,0,0,0,0
QN, LINDEN BOULEVARD,0,0,0,0
QN, LINDEN BOULEVARD,0,0,0,0
QN, SMITH STREET,0,0,0,0
QN,118 ROAD,0,0,0,0
QN,167 STREET,0,0,0,0
BK,10 AVENUE,0,0,0,0
BK,12 AVENUE,0,0,0,0
BK, CHURCH AVENUE,0,0,0,0
QN, MURRAY STREET,0,0,0,0
QN,131 AVENUE,0,0,0,0
QN,138 ROAD,0,0,0,0
QN, SPRINGFIELD BLVD,0,0,0,0
QN, NORTH CONDUIT AVENUE,0,0,0,0
QN, LAURELTON PARKWAY,0,0,0,0
QN,BEACH 89 STREET,0,0,0,0
QN,102 STREET,0,0,0,0
SI, RICHMOND TERRACE,0,0,0,0
QN, ROCKAWAY BEACH BLVD,0,0,0,0
QN,BEACH 69 STREET,0,0,0,0
SI, BURGHER AVENUE,0,0,0,0
QN, RAILROAD AVENUE,0,0,0,0
SI, NORTH RAILROAD AVE,0,0,0,0
SI, BOROUGH PLACE,0,0,0,0
SI, WATER STREET,0,0,0,0
SI, BAY STREET,0,0,0,0
SI, RICHMOND ROAD,0,0,0,0
SI, GROVE AVENUE,0,0,0,0
SI, JOHN STREET,0,0,0,0
SI,38 CALCAGNO COURT,0,0,0,0
SI, MORNINGSTAR ROAD,0,0,0,0
SI, WRIGHT AVENUE,0,0,0,0
SI, NORTH RAILROAD AVE,0,0,0,0
SI, DE HART AVENUE,0,0,0,0
SI, BUSH AVENUE,0,0,0,0
SI, BUSH AVENUE,0,0,0,0
SI, HARBOR ROAD,0,0,0,0
SI, HUSSON STREET,0,0,0,0
SI, RICHMOND AVENUE,0,0,0,0
SI, WEST FINGERBOARD RD,0,0,0,0
SI, GRASMERE AVENUE,0,0,0,0
SI, GRASMERE AVENUE,0,0,0,0
SI, OLD TOWN ROAD,0,0,0,0
SI, WEST FINGERBOARD RD,0,0,0,0
SI, NORTH RAILROAD AVE,0,0,0,0
SI, NORTH RAILROAD AVE,0,0,0,0
SI, NORTH RAILROAD AVE,0,0,0,0
SI, NEW DORP LANE,0,0,0,0
SI, NEW DORP LANE,0,0,0,0
SI, AMBOY ROAD,0,0,0,0
SI, NORTH RAILROAD AVE,0,0,0,0
QN, NORTH CONDUIT AVENUE,0,0,0,0
QN, NORTH CONDUIT AVENUE,0,0,0,0
QN, SUNRISE HIGHWAY,0,0,0,0
QN,39 AVENUE,0,0,0,0
QN,116 STREET,0,0,0,0
SI,425 WESTERN AVENUE,0,0,0,0
QN,61 DRIVE,0,0,0,0
MN,3764 9 AVENUE,0,0,0,0
QN,97 AVENUE,0,0,0,0
QN,37 STREET,0,0,0,0
MN,491 11 AVENUE,0,0,0,0
BK, LIBERTY AVENUE,0,0,0,0
QN,227-16 LINDEN BOULEVARD,0,0,0,0
QN,106 BEACH CHANNEL,0,0,0,0
SI, HEATHER COURT,0,0,0,0
SI, HYLAN BOULEVARD,0,0,0,0
BX, MELVILLE STREET,0,0,0,0
QN,101 STREET,0,0,0,0
SI, ARMSTRONG AVENUE,0,0,0,0
SI, ARMSTRONG AVENUE,0,0,0,0
SI, POSEN STREET,0,0,0,0
SI, BAYVIEW AVENUE,0,0,0,0
SI, AMBOY ROAD,0,0,0,0
SI, HUGUENOT AVENUE,0,0,0,0
BK,650 WILSON AVENUE,0,0,0,0
BK,EAST 8 STREET,0,0,0,0
MN, RIVERSIDE DRIVE,0,0,0,0
SI, MAIDEN LANE,0,0,0,0
QN, SUTPHIN BOULEVARD,0,0,0,0
BK, NEW UTRECHT AVENUE,0,0,0,0
SI,93 MACON AVENUE,0,0,0,0
SI, SOUTH RAILROAD ST,0,0,0,0
QN,107 STREET,0,0,0,0
QN,11 AVENUE,0,0,0,0
BX, BRUCKNER BOULEVARD,0,0,0,0
BX, HALPERIN AVENUE,0,0,0,0
SI, CLARION COURT,0,0,0,0
SI, BENTLEY STREET,0,0,0,0
MN,102 EAST 126 STREET,0,0,0,0
BX, LONGWOOD AVENUE,0,0,0,0
QN, SUNRISE HIGHWAY,0,0,0,0
QN, SUNRISE HIGHWAY,0,0,0,0
QN,76 AVENUE,0,0,0,0
SI, LAMOKA AVENUE,0,0,0,0
SI, GATON STREET,0,0,0,0
BK, NEWPORT STREET,0,0,0,0
QN, ATLANTIC AVENUE,0,0,0,0
SI, ARTHUR KILL ROAD,0,0,0,0
QN, BROADWAY,0,0,0,0
QN, METROPOLITAN AVENUE,0,0,0,0
BX,861 HUNTS POINT AVENUE,0,0,0,0
QN, STATION ROAD,0,0,0,0
BX, PARK AVENUE,0,0,0,0
QN,221 STREET,0,0,0,0
QN, BROADWAY,0,0,0,0
BK,423 STATE STREET,0,0,0,0
SI,5180 AMBOY ROAD,0,0,0,0
MN,126 WEST 53 STREET,0,0,0,0
SI, MAIDEN LANE,0,0,0,0
BK, BLAKE AVENUE,0,0,0,0
BX, SECOR AVENUE,0,0,0,0
QN, UNION HALL STREET,0,0,0,0
BK,9 AVENUE,0,0,0,0
BK,145 LORIMER STREET,0,0,0,0
SI, RICHMOND TERRACE,0,0,0,0
SI, DENISE COURT,0,0,0,0
QN, CYPRESS HILLS STREET,0,0,0,0
BK,EAST 18 STREET,0,0,0,0
BK,62 STREET,0,0,0,0
QN, NORTH CONDUIT AVENUE,0,0,0,0
BX, CROMWELL AVENUE,0,0,0,0
SI,,0,0,0,0
SI, DARLINGTON AVENUE,0,0,0,0
QN,222 STREET,0,0,0,0
QN,222 STREET,0,0,0,0
MN,341 EAST 39 STREET,0,0,0,0
BK,1238 63RD STREET,0,0,0,0
BX, PARK AVENUE,0,0,0,0
BK,19 BRIDGE STREET,0,0,0,0
QN,57 STREET,0,0,0,0
QN, ARCHER AVENUE,0,0,0,0
BK,76 AVENUE V,0,0,0,0
BK, ST MARKS AVENUE,0,0,0,0
QN, GRAND AVENUE,0,0,0,0
QN,112 STREET,0,0,0,0
SI, SPOONER STREET,0,0,0,0
QN, SUNRISE HIGHWAY,0,0,0,0
SI, GRANDVIEW AVENUE,0,0,0,0
SI, MARYLAND LANE,0,0,0,0
BK,4610 AVENUE N,0,0,0,0
QN, GUY R BREWER BLVD,0,0,0,0
QN,212 STREET,0,0,0,0
MN,WEST 117 STREET,0,0,0,0
BX,EAST 187 STREET,0,0,0,0
QN,135 AVENUE,0,0,0,0
SI, MORNINGSTAR ROAD,0,0,0,0
QN,87 AVENUE,0,0,0,0
BK, BOGART STREET,0,0,0,0
BK,416 64 STREET,0,0,0,0
BK, VAN SINDEREN AVENUE,0,0,0,0
BK, FLATLANDS AVENUE,0,0,0,0
SI, GARRETSON AVENUE,0,0,0,0
QN,88 STREET,0,0,0,0
SI, OSGOOD AVENUE,0,0,0,0
QN, ATLANTIC AVENUE,0,0,0,0
QN,24 STREET,0,0,0,0
BK,418 SOUTH 5 STREET,0,0,0,0
QN,47 AVENUE,0,0,0,0
BX,699A BRIDGE STREET,0,0,0,0
QN,44 AVENUE,0,0,0,0
QN, NORTHERN BOULEVARD,0,0,0,0
MN, FT WASHINGTON AVENUE,0,0,0,0
SI, FOREST AVENUE,0,0,0,0
BK, CARROLL STREET,0,0,0,0
QN,43 STREET,0,0,0,0
QN, LEFFERTS BOULEVARD,0,0,0,0
BK,6124 11 AVENUE,0,0,0,0
SI, BUSH AVENUE,0,0,0,0
QN,159 STREET,0,0,0,0
BK, COLONIAL ROAD,0,0,0,0
QN,21 STREET,0,0,0,0
QN,39 AVENUE,0,0,0,0
BK,121 MILFORD STREET,0,0,0,0
QN, ROCKAWAY BEACH BLVD,0,0,0,0
SI, ALTER AVENUE,0,0,0,0
BX,2060 LACOMBE AVENUE,0,0,0,0
BK, FOSTER AVENUE,0,0,0,0
SI, SPOONER STREET,0,0,0,0
QN, BAISLEY BOULEVARD,0,0,0,0
QN,50-18 98 STREET,0,0,0,0
QN, NORTH BOULEVARD,0,0,0,0
MN, HUDSON STREET,0,0,0,0
MN,1800 2 AVENUE,0,0,0,0
QN,59-96 57 STREET,0,0,0,0
BX, BELL AVENUE,0,0,0,0
QN, LIBERTY AVENUE,0,0,0,0
SI, NEW DORP LANE,0,0,0,0
SI, BAYVIEW AVENUE,0,0,0,0
QN,135 DRIVE,0,0,0,0
QN,20 STREET,0,0,0,0
SI, ELLIS STREET,0,0,0,0
BX,416 GRAND CONCOURSE,0,0,0,0
BK, ELTON STREET,0,0,0,0
BK, STEWART AVENUE,0,0,0,0
BK, ROCKAWAY PARKWAY,0,0,0,0
QN, GRAND CENTRL PARKWAY,0,0,0,0
BK, CORTELYOU ROAD,0,0,0,0
QN,141 AVENUE,0,0,0,0
BX,3993 LACONIA AVENUE,0,0,0,0
SI, EAGAN AVENUE,0,0,0,0
BK, DEAN STREET,0,0,0,0
BK,2 PLACE,0,0,0,0
QN,130 AVENUE,0,0,0,0
BX,275 EXTERIOR STREET,0,0,0,0
QN, ROCKAWAY BEACH BLVD,0,0,0,0
QN, VAN WYCK EXPRESSWAY,0,0,0,0
QN,74 STREET,0,0,0,0
BK, LINDEN BOULEVARD,0,0,0,0
QN,28 STREET,0,0,0,0
MN,313 WEST 133 STREET,0,0,0,0
QN,101 STREET,0,0,0,0
MN,570 1 AVENUE,0,0,0,0
BX, EASTCHESTER ROAD,0,0,0,0
QN, BAISLEY BOULEVARD,0,0,0,0
BK, IVAN COURT,0,0,0,0
MN, LEONARD STREET,0,0,0,0
BK, BUTLER STREET,0,0,0,0
SI, POSEN STREET,0,0,0,0
SI, WATER STREET,0,0,0,0
SI, ANNADALE ROAD,0,0,0,0
QN, BEACH CHANNEL DRIVE,0,0,0,0
QN, ROCKAWAY FREEWAY,0,0,0,0
BX, EAST TREMONT AVENUE,0,0,0,0
QN, QUEENS BOULEVARD,0,0,0,0
SI, HOUSMAN AVENUE,0,0,0,0
BK,9 STREET,0,0,0,0
BX, MACOMBS DAM PARK,0,0,0,0
SI, EATON PLACE,0,0,0,0
BK, ATLANTIC AVENUE,0,0,0,0
BX, PARK AVENUE,0,0,0,0
BK, ALBANY AVENUE,0,0,0,0
BK,105 RIVER STREET,0,0,0,0
BK,11 AVENUE,0,0,0,0
QN, CROSS BAY BOULEVARD,0,0,0,0
BK, SHELL ROAD,0,0,0,0
BK, PRESIDENT STREET,0,0,0,0
QN, AUSTIN STREET,0,0,0,0
QN,40-08 NORTHERN BOULEVARD,0,0,0,0
QN,176 STREET,0,0,0,0
MN, BROADWAY,0,0,0,0
MN,130 WEST END AVENUE,0,0,0,0
SI, BLOOMFIELD ROAD,0,0,0,0
QN,129 AVENUE,0,0,0,0
QN, NORTH CONDUIT BLVD,0,0,0,0
QN,69 PLACE,0,0,0,0
QN,95 STREET,0,0,0,0
QN,197 STREET,0,0,0,0
BK,WEST 29 STREET,0,0,0,0
QN, BROADWAY,0,0,0,0
BX, REEDS MILL LANE,0,0,0,0
QN,122 STREET,0,0,0,0
QN,135 AVENUE,0,0,0,0
QN,144 STREET,0,0,0,0
