Borough,AddressYear BuiltBuilding Class
SI,2508 AMBOY ROAD1960O1
SI,2508 AMBOY ROAD1960O1
SI,2508 AMBOY ROAD1960O1
SI,2508 AMBOY ROAD1960O1
SI,2508 AMBOY ROAD1960O1
SI,2508 AMBOY ROAD1960O1
SI,2508 AMBOY ROAD1960O1
SI,2508 AMBOY ROAD1960O1
SI,2508 AMBOY ROAD1960O1
SI,2508 AMBOY ROAD1960O1
SI,2508 AMBOY ROAD1960O1
SI,2508 AMBOY ROAD1960O1
SI,2508 AMBOY ROAD1960O1
SI,2508 AMBOY ROAD1960O1
SI,2508 AMBOY ROAD1960O1
SI,2508 AMBOY ROAD1960O1
SI,2508 AMBOY ROAD1960O1
SI,2508 AMBOY ROAD1960O1
SI,2508 AMBOY ROAD1960O1
SI,2508 AMBOY ROAD1960O1
SI,2508 AMBOY ROAD1960O1
SI,2508 AMBOY ROAD1960O1
SI,2508 AMBOY ROAD1960O1
SI,2508 AMBOY ROAD1960O1
SI,2508 AMBOY ROAD1960O1
SI,2508 AMBOY ROAD1960O1
SI,2508 AMBOY ROAD1960O1
SI,2508 AMBOY ROAD1960O1
SI,2508 AMBOY ROAD1960O1
SI,2508 AMBOY ROAD1960O1
SI,2508 AMBOY ROAD1960O1
SI,2508 AMBOY ROAD1960O1
SI,2508 AMBOY ROAD1960O1
SI,2508 AMBOY ROAD1960O1
SI,2508 AMBOY ROAD1960O1
SI,2508 AMBOY ROAD1960O1
SI,2508 AMBOY ROAD1960O1
SI,2508 AMBOY ROAD1960O1
SI,2508 AMBOY ROAD1960O1
SI,2508 AMBOY ROAD1960O1
SI,2508 AMBOY ROAD1960O1
SI,2508 AMBOY ROAD1960O1
SI,2508 AMBOY ROAD1960O1
SI,2508 AMBOY ROAD1960O1
SI,2508 AMBOY ROAD1960O1
SI,2508 AMBOY ROAD1960O1
SI,2508 AMBOY ROAD1960O1
SI,2508 AMBOY ROAD1960O1
SI,2508 AMBOY ROAD1960O1
SI,2508 AMBOY ROAD1960O1
SI,2508 AMBOY ROAD1960O1
SI,2508 AMBOY ROAD1960O1
SI,2508 AMBOY ROAD1960O1
SI,2508 AMBOY ROAD1960O1
SI,2508 AMBOY ROAD1960O1
SI,2508 AMBOY ROAD1960O1
SI,2508 AMBOY ROAD1960O1
SI,2508 AMBOY ROAD1960O1
SI,2508 AMBOY ROAD1960O1
SI,2508 AMBOY ROAD1960O1
SI,2508 AMBOY ROAD1960O1
SI,2508 AMBOY ROAD1960O1
SI,2508 AMBOY ROAD1960O1
SI,2508 AMBOY ROAD1960O1
SI,2508 AMBOY ROAD1960O1
SI,2508 AMBOY ROAD1960O1
SI,2508 AMBOY ROAD1960O1
SI,2508 AMBOY ROAD1960O1
SI,2508 AMBOY ROAD1960O1
SI,2508 AMBOY ROAD1960O1
SI,2508 AMBOY ROAD1960O1
SI,2508 AMBOY ROAD1960O1
SI,2508 AMBOY ROAD1960O1
SI,2508 AMBOY ROAD1960O1
SI,2508 AMBOY ROAD1960O1
SI,2508 AMBOY ROAD1960O1
SI,2508 AMBOY ROAD1960O1
SI,2508 AMBOY ROAD1960O1
SI,2508 AMBOY ROAD1960O1
SI,2508 AMBOY ROAD1960O1
SI,2508 AMBOY ROAD1960O1
SI,2508 AMBOY ROAD1960O1
SI,2508 AMBOY ROAD1960O1
SI,2508 AMBOY ROAD1960O1
SI,2508 AMBOY ROAD1960O1
SI,2508 AMBOY ROAD1960O1
SI,2508 AMBOY ROAD1960O1
SI,2508 AMBOY ROAD1960O1
SI,2508 AMBOY ROAD1960O1
SI,2508 AMBOY ROAD1960O1
SI,2508 AMBOY ROAD1960O1
SI,2508 AMBOY ROAD1960O1
SI,2508 AMBOY ROAD1960O1
SI,2508 AMBOY ROAD1960O1
SI,2508 AMBOY ROAD1960O1
SI,2508 AMBOY ROAD1960O1
SI,2508 AMBOY ROAD1960O1
SI,2508 AMBOY ROAD1960O1
SI,2508 AMBOY ROAD1960O1
SI,2508 AMBOY ROAD1960O1
SI,2508 AMBOY ROAD1960O1
SI,2508 AMBOY ROAD1960O1
SI,2508 AMBOY ROAD1960O1
SI,2508 AMBOY ROAD1960O1
SI,2508 AMBOY ROAD1960O1
SI,2508 AMBOY ROAD1960O1
SI,2508 AMBOY ROAD1960O1
SI,2508 AMBOY ROAD1960O1
SI,2508 AMBOY ROAD1960O1
SI,2508 AMBOY ROAD1960O1
SI,2508 AMBOY ROAD1960O1
SI,2508 AMBOY ROAD1960O1
SI,2508 AMBOY ROAD1960O1
SI,2508 AMBOY ROAD1960O1
SI,2508 AMBOY ROAD1960O1
SI,2508 AMBOY ROAD1960O1
SI,2508 AMBOY ROAD1960O1
SI,2508 AMBOY ROAD1960O1
SI,2508 AMBOY ROAD1960O1
SI,2508 AMBOY ROAD1960O1
SI,2508 AMBOY ROAD1960O1
SI,2508 AMBOY ROAD1960O1
SI,2508 AMBOY ROAD1960O1
SI,2508 AMBOY ROAD1960O1
SI,2508 AMBOY ROAD1960O1
SI,2508 AMBOY ROAD1960O1
SI,2508 AMBOY ROAD1960O1
SI,2508 AMBOY ROAD1960O1
SI,2508 AMBOY ROAD1960O1
SI,2508 AMBOY ROAD1960O1
SI,2508 AMBOY ROAD1960O1
SI,2508 AMBOY ROAD1960O1
SI,2508 AMBOY ROAD1960O1
SI,2508 AMBOY ROAD1960O1
SI,2508 AMBOY ROAD1960O1
SI,2508 AMBOY ROAD1960O1
SI,2508 AMBOY ROAD1960O1
SI,2508 AMBOY ROAD1960O1
SI,2508 AMBOY ROAD1960O1
SI,2508 AMBOY ROAD1960O1
SI,2508 AMBOY ROAD1960O1
SI,2508 AMBOY ROAD1960O1
SI,2508 AMBOY ROAD1960O1
SI,2508 AMBOY ROAD1960O1
SI,2508 AMBOY ROAD1960O1
SI,2508 AMBOY ROAD1960O1
SI,2508 AMBOY ROAD1960O1
SI,2508 AMBOY ROAD1960O1
SI,2508 AMBOY ROAD1960O1
SI,2508 AMBOY ROAD1960O1
SI,2508 AMBOY ROAD1960O1
SI,2508 AMBOY ROAD1960O1
SI,2508 AMBOY ROAD1960O1
SI,2508 AMBOY ROAD1960O1
SI,2508 AMBOY ROAD1960O1
SI,2508 AMBOY ROAD1960O1
SI,2508 AMBOY ROAD1960O1
SI,2508 AMBOY ROAD1960O1
SI,2508 AMBOY ROAD1960O1
SI,2508 AMBOY ROAD1960O1
SI,2508 AMBOY ROAD1960O1
SI,2508 AMBOY ROAD1960O1
SI,2508 AMBOY ROAD1960O1
SI,2508 AMBOY ROAD1960O1
SI,2508 AMBOY ROAD1960O1
SI,2508 AMBOY ROAD1960O1
SI,2508 AMBOY ROAD1960O1
SI,2508 AMBOY ROAD1960O1
SI,2508 AMBOY ROAD1960O1
SI,2508 AMBOY ROAD1960O1
SI,2508 AMBOY ROAD1960O1
SI,2508 AMBOY ROAD1960O1
SI,2508 AMBOY ROAD1960O1
SI,2508 AMBOY ROAD1960O1
SI,2508 AMBOY ROAD1960O1
SI,2508 AMBOY ROAD1960O1
SI,2508 AMBOY ROAD1960O1
SI,2508 AMBOY ROAD1960O1
SI,2508 AMBOY ROAD1960O1
SI,2508 AMBOY ROAD1960O1
SI,2508 AMBOY ROAD1960O1
SI,2508 AMBOY ROAD1960O1
SI,2508 AMBOY ROAD1960O1
SI,2508 AMBOY ROAD1960O1
SI,2508 AMBOY ROAD1960O1
SI,2508 AMBOY ROAD1960O1
SI,2508 AMBOY ROAD1960O1
SI,2508 AMBOY ROAD1960O1
SI,2508 AMBOY ROAD1960O1
SI,2508 AMBOY ROAD1960O1
SI,2508 AMBOY ROAD1960O1
SI,2508 AMBOY ROAD1960O1
SI,2508 AMBOY ROAD1960O1
SI,2508 AMBOY ROAD1960O1
SI,2508 AMBOY ROAD1960O1
SI,2508 AMBOY ROAD1960O1
SI,2508 AMBOY ROAD1960O1
SI,2508 AMBOY ROAD1960O1
SI,2508 AMBOY ROAD1960O1
SI,2508 AMBOY ROAD1960O1
SI,2508 AMBOY ROAD1960O1
SI,2508 AMBOY ROAD1960O1
SI,2508 AMBOY ROAD1960O1
SI,2508 AMBOY ROAD1960O1
SI,2508 AMBOY ROAD1960O1
SI,2508 AMBOY ROAD1960O1
SI,2508 AMBOY ROAD1960O1
SI,2508 AMBOY ROAD1960O1
SI,2508 AMBOY ROAD1960O1
SI,2508 AMBOY ROAD1960O1
SI,2508 AMBOY ROAD1960O1
SI,2508 AMBOY ROAD1960O1
SI,2508 AMBOY ROAD1960O1
SI,2508 AMBOY ROAD1960O1
SI,2508 AMBOY ROAD1960O1
SI,2508 AMBOY ROAD1960O1
SI,2508 AMBOY ROAD1960O1
SI,2508 AMBOY ROAD1960O1
SI,2508 AMBOY ROAD1960O1
SI,2508 AMBOY ROAD1960O1
SI,2508 AMBOY ROAD1960O1
SI,2508 AMBOY ROAD1960O1
SI,2508 AMBOY ROAD1960O1
SI,2508 AMBOY ROAD1960O1
SI,2508 AMBOY ROAD1960O1
SI,2508 AMBOY ROAD1960O1
SI,2508 AMBOY ROAD1960O1
SI,2508 AMBOY ROAD1960O1
SI,2508 AMBOY ROAD1960O1
SI,2508 AMBOY ROAD1960O1
SI,2508 AMBOY ROAD1960O1
SI,2508 AMBOY ROAD1960O1
SI,2508 AMBOY ROAD1960O1
SI,2508 AMBOY ROAD1960O1
SI,2508 AMBOY ROAD1960O1
SI,2508 AMBOY ROAD1960O1
SI,2508 AMBOY ROAD1960O1
SI,2508 AMBOY ROAD1960O1
SI,2508 AMBOY ROAD1960O1
SI,2508 AMBOY ROAD1960O1
SI,2508 AMBOY ROAD1960O1
SI,2508 AMBOY ROAD1960O1
SI,2508 AMBOY ROAD1960O1
SI,2508 AMBOY ROAD1960O1
SI,2508 AMBOY ROAD1960O1
SI,2508 AMBOY ROAD1960O1
SI,2508 AMBOY ROAD1960O1
SI,2508 AMBOY ROAD1960O1
SI,2508 AMBOY ROAD1960O1
SI,2508 AMBOY ROAD1960O1
SI,2508 AMBOY ROAD1960O1
SI,2508 AMBOY ROAD1960O1
SI,2508 AMBOY ROAD1960O1
SI,2508 AMBOY ROAD1960O1
SI,2508 AMBOY ROAD1960O1
SI,2508 AMBOY ROAD1960O1
SI,2508 AMBOY ROAD1960O1
SI,2508 AMBOY ROAD1960O1
SI,2508 AMBOY ROAD1960O1
SI,2508 AMBOY ROAD1960O1
SI,2508 AMBOY ROAD1960O1
SI,2508 AMBOY ROAD1960O1
SI,2508 AMBOY ROAD1960O1
SI,2508 AMBOY ROAD1960O1
SI,2508 AMBOY ROAD1960O1
SI,2508 AMBOY ROAD1960O1
SI,2508 AMBOY ROAD1960O1
SI,2508 AMBOY ROAD1960O1
SI,2508 AMBOY ROAD1960O1
SI,2508 AMBOY ROAD1960O1
SI,2508 AMBOY ROAD1960O1
SI,2508 AMBOY ROAD1960O1
SI,2508 AMBOY ROAD1960O1
SI,2508 AMBOY ROAD1960O1
SI,2508 AMBOY ROAD1960O1
SI,2508 AMBOY ROAD1960O1
SI,2508 AMBOY ROAD1960O1
SI,2508 AMBOY ROAD1960O1
SI,2508 AMBOY ROAD1960O1
SI,2508 AMBOY ROAD1960O1
SI,2508 AMBOY ROAD1960O1
SI,2508 AMBOY ROAD1960O1
SI,2508 AMBOY ROAD1960O1
SI,2508 AMBOY ROAD1960O1
SI,2508 AMBOY ROAD1960O1
SI,2508 AMBOY ROAD1960O1
SI,2508 AMBOY ROAD1960O1
SI,2508 AMBOY ROAD1960O1
SI,2508 AMBOY ROAD1960O1
SI,2508 AMBOY ROAD1960O1
SI,2508 AMBOY ROAD1960O1
SI,2508 AMBOY ROAD1960O1
SI,2508 AMBOY ROAD1960O1
SI,2508 AMBOY ROAD1960O1
SI,2508 AMBOY ROAD1960O1
SI,2508 AMBOY ROAD1960O1
SI,2508 AMBOY ROAD1960O1
SI,2508 AMBOY ROAD1960O1
SI,2508 AMBOY ROAD1960O1
SI,2508 AMBOY ROAD1960O1
SI,2508 AMBOY ROAD1960O1
SI,2508 AMBOY ROAD1960O1
SI,2508 AMBOY ROAD1960O1
SI,2508 AMBOY ROAD1960O1
SI,2508 AMBOY ROAD1960O1
SI,2508 AMBOY ROAD1960O1
SI,2508 AMBOY ROAD1960O1
SI,2508 AMBOY ROAD1960O1
SI,2508 AMBOY ROAD1960O1
SI,2508 AMBOY ROAD1960O1
SI,2508 AMBOY ROAD1960O1
SI,2508 AMBOY ROAD1960O1
SI,2508 AMBOY ROAD1960O1
SI,2508 AMBOY ROAD1960O1
SI,2508 AMBOY ROAD1960O1
SI,2508 AMBOY ROAD1960O1
SI,2508 AMBOY ROAD1960O1
SI,2508 AMBOY ROAD1960O1
SI,2508 AMBOY ROAD1960O1
SI,2508 AMBOY ROAD1960O1
SI,2508 AMBOY ROAD1960O1
SI,2508 AMBOY ROAD1960O1
SI,2508 AMBOY ROAD1960O1
SI,2508 AMBOY ROAD1960O1
SI,2508 AMBOY ROAD1960O1
SI,2508 AMBOY ROAD1960O1
SI,2508 AMBOY ROAD1960O1
SI,2508 AMBOY ROAD1960O1
SI,2508 AMBOY ROAD1960O1
SI,2508 AMBOY ROAD1960O1
SI,2508 AMBOY ROAD1960O1
SI,2508 AMBOY ROAD1960O1
SI,2508 AMBOY ROAD1960O1
SI,2508 AMBOY ROAD1960O1
SI,2508 AMBOY ROAD1960O1
SI,2508 AMBOY ROAD1960O1
SI,2508 AMBOY ROAD1960O1
SI,2508 AMBOY ROAD1960O1
SI,2508 AMBOY ROAD1960O1
SI,2508 AMBOY ROAD1960O1
SI,2508 AMBOY ROAD1960O1
SI,2508 AMBOY ROAD1960O1
SI,2508 AMBOY ROAD1960O1
SI,2508 AMBOY ROAD1960O1
SI,2508 AMBOY ROAD1960O1
SI,2508 AMBOY ROAD1960O1
SI,2508 AMBOY ROAD1960O1
SI,2508 AMBOY ROAD1960O1
SI,2508 AMBOY ROAD1960O1
SI,2508 AMBOY ROAD1960O1
SI,2508 AMBOY ROAD1960O1
SI,2508 AMBOY ROAD1960O1
SI,2508 AMBOY ROAD1960O1
SI,2508 AMBOY ROAD1960O1
SI,2508 AMBOY ROAD1960O1
SI,2508 AMBOY ROAD1960O1
SI,2508 AMBOY ROAD1960O1
SI,2508 AMBOY ROAD1960O1
SI,2508 AMBOY ROAD1960O1
SI,2508 AMBOY ROAD1960O1
SI,2508 AMBOY ROAD1960O1
SI,2508 AMBOY ROAD1960O1
SI,2508 AMBOY ROAD1960O1
SI,2508 AMBOY ROAD1960O1
SI,2508 AMBOY ROAD1960O1
SI,2508 AMBOY ROAD1960O1
SI,2508 AMBOY ROAD1960O1
SI,2508 AMBOY ROAD1960O1
SI,2508 AMBOY ROAD1960O1
SI,2508 AMBOY ROAD1960O1
SI,2508 AMBOY ROAD1960O1
SI,2508 AMBOY ROAD1960O1
SI,2508 AMBOY ROAD1960O1
SI,2508 AMBOY ROAD1960O1
SI,2508 AMBOY ROAD1960O1
SI,2508 AMBOY ROAD1960O1
SI,2508 AMBOY ROAD1960O1
SI,2508 AMBOY ROAD1960O1
SI,2508 AMBOY ROAD1960O1
SI,2508 AMBOY ROAD1960O1
SI,2508 AMBOY ROAD1960O1
SI,2508 AMBOY ROAD1960O1
SI,2508 AMBOY ROAD1960O1
SI,2508 AMBOY ROAD1960O1
SI,2508 AMBOY ROAD1960O1
SI,2508 AMBOY ROAD1960O1
SI,2508 AMBOY ROAD1960O1
SI,2508 AMBOY ROAD1960O1
SI,2508 AMBOY ROAD1960O1
SI,2508 AMBOY ROAD1960O1
SI,2508 AMBOY ROAD1960O1
SI,2508 AMBOY ROAD1960O1
SI,2508 AMBOY ROAD1960O1
SI,2508 AMBOY ROAD1960O1
SI,2508 AMBOY ROAD1960O1
SI,2508 AMBOY ROAD1960O1
SI,2508 AMBOY ROAD1960O1
SI,2508 AMBOY ROAD1960O1
SI,2508 AMBOY ROAD1960O1
SI,2508 AMBOY ROAD1960O1
SI,2508 AMBOY ROAD1960O1
SI,2508 AMBOY ROAD1960O1
SI,2508 AMBOY ROAD1960O1
SI,2508 AMBOY ROAD1960O1
SI,2508 AMBOY ROAD1960O1
SI,2508 AMBOY ROAD1960O1
SI,2508 AMBOY ROAD1960O1
SI,2508 AMBOY ROAD1960O1
SI,2508 AMBOY ROAD1960O1
SI,2508 AMBOY ROAD1960O1
SI,2508 AMBOY ROAD1960O1
SI,2508 AMBOY ROAD1960O1
SI,2508 AMBOY ROAD1960O1
SI,2508 AMBOY ROAD1960O1
SI,2508 AMBOY ROAD1960O1
SI,2508 AMBOY ROAD1960O1
SI,2508 AMBOY ROAD1960O1
SI,2508 AMBOY ROAD1960O1
SI,2508 AMBOY ROAD1960O1
SI,2508 AMBOY ROAD1960O1
SI,2508 AMBOY ROAD1960O1
SI,2508 AMBOY ROAD1960O1
SI,2508 AMBOY ROAD1960O1
SI,2508 AMBOY ROAD1960O1
SI,2508 AMBOY ROAD1960O1
SI,2508 AMBOY ROAD1960O1
SI,2508 AMBOY ROAD1960O1
SI,2508 AMBOY ROAD1960O1
SI,2508 AMBOY ROAD1960O1
SI,2508 AMBOY ROAD1960O1
SI,2508 AMBOY ROAD1960O1
SI,2508 AMBOY ROAD1960O1
SI,2508 AMBOY ROAD1960O1
SI,2508 AMBOY ROAD1960O1
SI,2508 AMBOY ROAD1960O1
SI,2508 AMBOY ROAD1960O1
SI,2508 AMBOY ROAD1960O1
SI,2508 AMBOY ROAD1960O1
SI,2508 AMBOY ROAD1960O1
SI,2508 AMBOY ROAD1960O1
SI,2508 AMBOY ROAD1960O1
SI,2508 AMBOY ROAD1960O1
SI,2508 AMBOY ROAD1960O1
SI,2508 AMBOY ROAD1960O1
SI,2508 AMBOY ROAD1960O1
SI,2508 AMBOY ROAD1960O1
SI,2508 AMBOY ROAD1960O1
SI,2508 AMBOY ROAD1960O1
SI,2508 AMBOY ROAD1960O1
SI,2508 AMBOY ROAD1960O1
SI,2508 AMBOY ROAD1960O1
SI,2508 AMBOY ROAD1960O1
SI,2508 AMBOY ROAD1960O1
